,Player,shirt_number,Nation,Pos,Age,Min,Gls,Ast,PK,PKatt,Sh,SoT,CrdY,CrdR,Touches,Tkl,Int,Blocks
0,Diogo Jota ,20,POR,FW,24-253,60,1,0,0,0,2,2,0,0,22,1,0,0
1,   Roberto Firmino ,9,BRA,FW,29-316,30,1,0,0,0,1,1,0,0,17,1,0,1
2,Sadio Mané ,10,SEN,LW,29-126,90,0,0,0,0,3,0,0,0,45,1,0,1
3,Mohamed Salah ,11,EGY,RW,29-060,90,1,2,0,0,5,2,0,0,35,0,0,0
4,Naby Keïta ,8,GUI,"LM,RM",26-185,82,0,0,0,0,0,0,0,0,52,6,0,2
5,   Harvey Elliott ,67,ENG,RM,18-132,8,0,0,0,0,0,0,0,0,7,0,0,0
6,James Milner ,7,ENG,"CM,LM",35-222,90,0,0,0,0,0,0,1,0,81,3,2,2
7,Alex Oxlade-Chamberlain ,15,ENG,RM,27-364,60,0,0,0,0,2,0,0,0,28,0,1,1
8,   Fabinho ,3,BRA,CM,27-295,30,0,0,0,0,0,0,0,0,25,0,0,2
9,Kostas Tsimikas ,21,GRE,LB,25-094,90,0,0,0,0,2,1,0,0,77,3,0,1
10,Virgil van Dijk ,4,NED,CB,30-037,90,0,0,0,0,1,0,0,0,95,0,0,0
11,Joël Matip ,32,CMR,CB,30-006,90,0,0,0,0,1,0,0,0,82,0,0,1
12,Trent Alexander-Arnold ,66,ENG,RB,22-311,90,0,0,0,0,2,0,0,0,66,1,2,1
13,Alisson ,1,BRA,GK,28-316,90,0,0,0,0,0,0,0,0,34,0,0,0
14,Diogo Jota ,20,POR,FW,24-260,80,1,0,0,0,3,1,0,0,32,4,0,0
15,   Roberto Firmino ,9,BRA,FW,29-323,10,0,0,0,0,1,1,0,0,10,0,0,1
16,Sadio Mané ,10,SEN,LW,29-133,90,1,0,0,0,6,4,0,0,35,0,0,1
17,Mohamed Salah ,11,EGY,RW,29-067,90,0,0,0,0,5,1,0,0,42,0,0,0
18,Naby Keïta ,8,GUI,LM,26-192,80,0,0,0,0,1,0,0,0,57,3,0,3
19,   Thiago Alcántara ,6,ESP,LM,30-132,10,0,0,0,0,1,0,0,0,18,0,0,0
20,Jordan Henderson ,14,ENG,CM,31-065,90,0,0,0,0,1,0,0,0,79,0,0,0
21,Harvey Elliott ,67,ENG,RM,18-139,90,0,0,0,0,2,0,0,0,72,0,1,0
22,Kostas Tsimikas ,21,GRE,LB,25-101,89,0,1,0,0,0,0,0,0,68,3,1,0
23,   Joe Gomez ,12,ENG,LB,24-090,1,0,0,0,0,0,0,0,0,0,0,0,0
24,Virgil van Dijk ,4,NED,CB,30-044,90,0,0,0,0,3,0,0,0,65,0,1,1
25,Joël Matip ,32,CMR,CB,30-013,90,0,0,0,0,3,0,0,0,73,2,1,0
26,Trent Alexander-Arnold ,66,ENG,RB,22-318,90,0,1,0,0,1,1,0,0,98,2,1,1
27,Alisson ,1,BRA,GK,28-323,90,0,0,0,0,0,0,0,0,53,0,0,0
28,Roberto Firmino ,9,BRA,FW,29-330,42,0,0,0,0,0,0,0,0,23,1,0,0
29,   Diogo Jota ,20,POR,FW,24-267,48,0,0,0,0,3,1,0,0,29,1,0,2
30,Sadio Mané ,10,SEN,LW,29-140,90,0,0,0,0,3,0,0,0,67,3,3,5
31,Mohamed Salah ,11,EGY,RW,29-074,90,1,0,1,1,2,1,0,0,56,0,0,0
32,Jordan Henderson ,14,ENG,LM,31-072,73,0,0,0,0,2,0,0,0,87,0,2,0
33,   Thiago Alcántara ,6,ESP,LM,30-139,17,0,0,0,0,0,0,0,0,22,1,0,0
34,Fabinho ,3,BRA,CM,27-309,90,0,0,0,0,2,1,0,0,77,2,0,0
35,Harvey Elliott ,67,ENG,RM,18-146,90,0,0,0,0,2,0,0,0,106,1,2,4
36,Andrew Robertson ,26,SCO,LB,27-170,85,0,0,0,0,1,1,0,0,80,0,2,0
37,   Kostas Tsimikas ,21,GRE,LB,25-108,5,0,0,0,0,0,0,0,0,7,0,0,1
38,Virgil van Dijk ,4,NED,CB,30-051,90,0,0,0,0,3,1,0,0,88,2,1,1
39,Joël Matip ,32,CMR,CB,30-020,90,0,0,0,0,3,0,0,0,97,3,1,2
40,Trent Alexander-Arnold ,66,ENG,RB,22-325,90,0,0,0,0,2,1,0,0,110,2,0,0
41,Alisson ,1,BRA,GK,28-330,90,0,0,0,0,0,0,0,0,26,0,0,0
42,Diogo Jota ,20,POR,FW,24-282,81,0,0,0,0,3,1,0,0,43,0,0,2
43,   Alex Oxlade-Chamberlain ,15,ENG,FW,28-028,9,0,0,0,0,0,0,0,0,7,0,0,0
44,Sadio Mané ,10,SEN,LW,29-155,90,1,0,0,0,10,2,0,0,51,0,0,1
45,Mohamed Salah ,11,EGY,RW,29-089,90,1,0,0,0,3,1,0,0,47,1,0,0
46,Thiago Alcántara ,6,ESP,LM,30-154,89,0,1,0,0,1,0,0,0,74,4,1,0
47,   Naby Keïta ,8,GUI,LM,26-214,1,0,0,0,0,0,0,0,0,4,0,0,0
48,Fabinho ,3,BRA,CM,27-324,90,1,0,0,0,3,1,1,0,51,1,5,2
49,Harvey Elliott ,67,ENG,RM,18-161,62,0,0,0,0,3,1,0,0,41,0,0,2
50,   Jordan Henderson ,14,ENG,RM,31-087,28,0,0,0,0,1,1,0,0,30,1,0,0
51,Andrew Robertson ,26,SCO,LB,27-185,90,0,0,0,0,0,0,0,0,79,1,0,0
52,Virgil van Dijk ,4,NED,CB,30-066,90,0,0,0,0,2,0,0,0,66,0,0,0
53,Joël Matip ,32,CMR,CB,30-035,90,0,0,0,0,1,0,0,0,77,0,0,0
54,Trent Alexander-Arnold ,66,ENG,RB,22-340,90,0,1,0,0,3,1,0,0,70,0,2,1
55,Alisson ,1,BRA,GK,28-345,90,0,0,0,0,0,0,0,0,44,0,0,0
56,Diogo Jota ,20,POR,FW,24-288,75,0,0,0,0,4,0,0,0,28,3,0,1
57,   Curtis Jones ,17,ENG,"LW,RM",20-231,15,0,0,0,0,1,0,0,0,7,0,0,1
58,Sadio Mané ,10,SEN,"LW,FW",29-161,90,1,0,0,0,2,1,0,0,31,2,0,0
59,Mohamed Salah ,11,EGY,RW,29-095,90,1,0,0,0,6,5,1,0,57,0,0,0
60,Thiago Alcántara ,6,ESP,LM,30-160,61,0,0,0,0,3,1,0,0,61,0,1,0
61,   Naby Keïta ,8,GUI,LM,26-220,29,1,0,0,0,2,2,0,0,9,1,0,2
62,Fabinho ,3,BRA,CM,27-330,90,0,0,0,0,2,0,0,0,71,3,2,0
63,Jordan Henderson ,14,ENG,RM,31-093,87,0,0,0,0,2,1,1,0,65,3,0,1
64,   Divock Origi ,27,BEL,LW,26-153,3,0,0,0,0,0,0,0,0,2,0,0,0
65,Kostas Tsimikas ,21,GRE,LB,25-129,90,0,0,0,0,1,0,1,0,68,3,2,1
66,Virgil van Dijk ,4,NED,CB,30-072,90,0,1,0,0,1,0,0,0,73,0,1,2
67,Ibrahima Konaté ,5,FRA,CB,22-116,90,0,0,0,0,0,0,0,0,65,2,1,2
68,James Milner ,7,ENG,RB,35-257,90,0,0,0,0,1,0,0,0,112,4,3,2
69,Alisson ,1,BRA,GK,28-351,90,0,0,0,0,0,0,0,0,33,0,0,0
70,Diogo Jota ,20,POR,"FW,RM",24-295,90,1,0,0,0,2,2,0,0,34,0,0,0
71,Sadio Mané ,10,SEN,"LW,LM",29-168,90,0,0,0,0,1,0,0,0,47,1,0,0
72,Mohamed Salah ,11,EGY,"RW,FW",29-102,90,1,0,0,0,3,1,0,0,51,0,1,0
73,Curtis Jones ,17,ENG,LM,20-238,67,1,0,0,0,4,1,0,0,52,3,0,0
74,   Roberto Firmino ,9,BRA,FW,29-358,23,0,0,0,0,0,0,0,0,12,0,0,0
75,Fabinho ,3,BRA,CM,27-337,90,0,1,0,0,0,0,0,0,65,0,2,2
76,Jordan Henderson ,14,ENG,"RM,CM",31-100,90,0,1,0,0,0,0,0,0,62,1,0,3
77,Andrew Robertson ,26,SCO,LB,27-198,90,0,1,0,0,1,0,1,0,102,0,0,0
78,Virgil van Dijk ,4,NED,CB,30-079,90,0,0,0,0,1,1,0,0,60,2,1,0
79,Joël Matip ,32,CMR,CB,30-048,90,0,0,0,0,1,0,0,0,68,0,2,3
80,Trent Alexander-Arnold ,66,ENG,RB,22-353,90,0,0,0,0,3,0,0,0,118,4,3,1
81,Alisson ,1,BRA,GK,28-358,90,0,0,0,0,0,0,0,0,31,0,0,0
82,Diogo Jota ,20,POR,FW,24-303,67,0,0,0,0,1,1,1,0,22,0,1,0
83,   Roberto Firmino ,9,BRA,FW,30-001,23,0,0,0,0,0,0,0,0,14,2,1,0
84,Sadio Mané ,10,SEN,LW,29-176,90,1,0,0,0,1,1,0,0,29,0,1,2
85,Mohamed Salah ,11,EGY,RW,29-110,90,1,1,0,0,3,1,0,0,40,4,1,0
86,Curtis Jones ,17,ENG,LM,20-246,90,0,1,0,0,0,0,0,0,50,1,0,0
87,Fabinho ,3,BRA,CM,27-345,90,0,0,0,0,1,0,1,0,44,1,0,0
88,Jordan Henderson ,14,ENG,RM,31-108,90,0,0,0,0,0,0,0,0,51,3,2,1
89,Andrew Robertson ,26,SCO,LB,27-206,90,0,0,0,0,0,0,0,0,67,2,3,2
90,Virgil van Dijk ,4,NED,CB,30-087,90,0,0,0,0,0,0,0,0,98,0,1,1
91,Joël Matip ,32,CMR,CB,30-056,90,0,0,0,0,0,0,0,0,100,3,4,2
92,James Milner ,7,ENG,RB,35-272,77,0,0,0,0,0,0,1,0,64,0,2,3
93,   Joe Gomez ,12,ENG,RB,24-133,13,0,0,0,0,0,0,0,0,14,0,1,0
94,Alisson ,1,BRA,GK,29-001,90,0,0,0,0,0,0,0,0,62,1,0,0
95,Roberto Firmino ,9,BRA,FW,30-014,90,3,1,0,0,3,3,0,0,63,1,0,4
96,Sadio Mané ,10,SEN,LW,29-189,90,1,0,0,0,4,2,0,0,46,1,1,0
97,Mohamed Salah ,11,EGY,RW,29-123,90,1,1,0,0,5,3,0,0,63,0,0,0
98,Naby Keïta ,8,GUI,LM,26-248,90,0,0,0,0,3,0,0,0,80,4,0,3
99,Jordan Henderson ,14,ENG,CM,31-121,90,0,0,0,0,0,0,0,0,123,3,0,0
100,James Milner ,7,ENG,"RM,RB",35-285,82,0,1,0,0,1,0,0,0,88,3,1,1
101,   Neco Williams ,76,WAL,RB,20-186,8,0,1,0,0,0,0,0,0,10,0,0,0
102,Andrew Robertson ,26,SCO,LB,27-219,63,0,0,0,0,0,0,0,0,73,3,0,0
103,   Kostas Tsimikas ,21,GRE,LB,25-157,27,0,0,0,0,0,0,0,0,22,2,0,0
104,Virgil van Dijk ,4,NED,CB,30-100,90,0,0,0,0,0,0,0,0,106,0,0,0
105,Joël Matip ,32,CMR,CB,30-069,90,0,0,0,0,1,0,0,0,119,0,1,0
106,Trent Alexander-Arnold ,66,ENG,RB,23-009,64,0,0,0,0,2,0,0,0,90,1,1,0
107,   Alex Oxlade-Chamberlain ,15,ENG,RM,28-062,26,0,0,0,0,0,0,0,0,24,0,0,1
108,Caoimhín Kelleher ,62,IRL,GK,22-327,90,0,0,0,0,0,0,0,0,43,0,0,0
109,Roberto Firmino ,9,BRA,FW,30-022,76,0,0,0,0,3,1,0,0,47,1,0,3
110,   Sadio Mané ,10,SEN,FW,29-197,14,0,0,0,0,1,0,0,0,9,0,0,0
111,Diogo Jota ,20,POR,LW,24-324,90,1,1,0,0,2,1,0,0,45,1,0,2
112,Mohamed Salah ,11,EGY,RW,29-131,90,3,1,0,0,7,4,0,0,57,0,0,0
113,James Milner ,7,ENG,LM,35-293,26,0,0,0,0,0,0,0,0,13,0,0,0
114,   Curtis Jones ,17,ENG,LM,20-267,64,0,0,0,0,1,0,0,0,69,0,0,0
115,Jordan Henderson ,14,ENG,CM,31-129,90,0,1,0,0,1,0,0,0,143,2,3,2
116,Naby Keïta ,8,GUI,RM,26-256,62,1,1,0,0,2,1,0,0,43,1,4,3
117,   Alex Oxlade-Chamberlain ,15,ENG,RM,28-070,28,0,0,0,0,1,0,0,0,32,2,1,0
118,Andrew Robertson ,26,SCO,LB,27-227,90,0,0,0,0,0,0,0,0,104,1,0,1
119,Virgil van Dijk ,4,NED,CB,30-108,90,0,0,0,0,0,0,0,0,75,0,1,1
120,Ibrahima Konaté ,5,FRA,CB,22-152,90,0,0,0,0,0,0,0,0,59,1,0,0
121,Trent Alexander-Arnold ,66,ENG,RB,23-017,90,0,1,0,0,1,1,0,0,114,2,2,0
122,Alisson ,1,BRA,GK,29-022,90,0,0,0,0,0,0,0,0,35,0,0,0
123,Roberto Firmino ,9,BRA,FW,30-028,77,0,0,0,0,4,0,0,0,51,3,0,1
124,   Diogo Jota ,20,POR,FW,24-330,13,0,0,0,0,0,0,0,0,6,1,0,0
125,Sadio Mané ,10,SEN,LW,29-203,90,1,0,0,0,2,1,0,0,50,1,1,1
126,Mohamed Salah ,11,EGY,RW,29-137,90,0,1,0,0,2,1,0,0,42,0,0,0
127,Curtis Jones ,17,ENG,LM,20-273,86,0,0,0,0,0,0,0,0,76,1,1,0
128,   Takumi Minamino ,18,JPN,LM,26-287,4,0,0,0,0,0,0,1,0,6,0,0,1
129,Jordan Henderson ,14,ENG,CM,31-135,90,1,0,0,0,3,1,0,0,82,1,0,3
130,Naby Keïta ,8,GUI,RM,26-262,18,0,0,0,0,0,0,0,0,21,1,0,1
131,   Alex Oxlade-Chamberlain ,15,ENG,RM,28-076,72,0,1,0,0,2,0,0,0,44,1,2,0
132,Andrew Robertson ,26,SCO,LB,27-233,90,0,0,0,0,0,0,1,0,88,0,3,0
133,Virgil van Dijk ,4,NED,CB,30-114,90,0,0,0,0,0,0,0,0,91,0,3,1
134,Ibrahima Konaté ,5,FRA,CB,22-158,90,0,0,0,0,0,0,0,0,85,1,4,0
135,Trent Alexander-Arnold ,66,ENG,RB,23-023,90,0,0,0,0,1,0,0,0,108,0,2,1
136,Alisson ,1,BRA,GK,29-028,90,0,0,0,0,0,0,0,0,42,0,0,0
137,Diogo Jota ,20,POR,FW,24-338,75,0,0,0,0,2,0,0,0,27,1,1,1
138,   Divock Origi ,27,BEL,FW,26-203,15,1,0,0,0,2,2,0,0,11,0,0,0
139,Sadio Mané ,10,SEN,LW,29-211,90,0,0,0,0,4,1,0,0,53,0,1,2
140,Mohamed Salah ,11,EGY,RW,29-145,90,0,1,0,0,2,0,0,0,45,0,0,0
141,Alex Oxlade-Chamberlain ,15,ENG,LM,28-084,67,0,0,0,0,1,0,0,0,51,2,0,0
142,   Thiago Alcántara ,6,ESP,LM,30-210,23,0,0,0,0,1,1,0,0,46,1,0,0
143,Fabinho ,3,BRA,CM,28-015,79,0,0,0,0,0,0,0,0,91,0,2,2
144,   Takumi Minamino ,18,JPN,CM,26-295,11,0,0,0,0,0,0,0,0,9,1,0,0
145,Jordan Henderson ,14,ENG,RM,31-143,90,0,0,0,0,1,0,0,0,105,1,0,1
146,Andrew Robertson ,26,SCO,LB,27-241,90,0,0,0,0,0,0,0,0,91,0,0,3
147,Virgil van Dijk ,4,NED,CB,30-122,90,0,0,0,0,1,0,0,0,81,0,2,2
148,Joël Matip ,32,CMR,CB,30-091,90,0,0,0,0,0,0,0,0,98,0,2,0
149,Trent Alexander-Arnold ,66,ENG,RB,23-031,90,1,1,0,0,2,1,1,0,91,0,4,0
150,Alisson ,1,BRA,GK,29-036,90,0,0,0,0,0,0,0,0,30,0,0,0
151,Diogo Jota ,20,POR,FW,24-351,75,1,0,0,0,2,2,0,0,29,0,0,0
152,   Takumi Minamino ,18,JPN,FW,26-308,15,1,0,0,0,1,1,0,0,9,0,0,0
153,Sadio Mané ,10,SEN,LW,29-224,90,1,1,0,0,2,2,1,0,44,2,0,0
154,Mohamed Salah ,11,EGY,RW,29-158,90,1,0,0,0,4,2,0,0,49,0,0,0
155,Thiago Alcántara ,6,ESP,LM,30-223,83,0,0,0,0,2,1,0,0,90,2,1,0
156,   Tyler Morton ,80,ENG,RM,19-020,7,0,0,0,0,0,0,0,0,9,0,0,0
157,Fabinho ,3,BRA,CM,28-028,90,0,0,0,0,0,0,1,0,66,2,1,0
158,Alex Oxlade-Chamberlain ,15,ENG,RM,28-097,75,0,0,0,0,3,0,0,0,47,3,1,3
159,   Jordan Henderson ,14,ENG,RM,31-156,15,0,0,0,0,0,0,0,0,23,0,0,0
160,Kostas Tsimikas ,21,GRE,LB,25-192,90,0,0,0,0,0,0,0,0,66,4,0,0
161,Virgil van Dijk ,4,NED,CB,30-135,90,0,0,0,0,2,0,0,0,114,0,0,2
162,Joël Matip ,32,CMR,CB,30-104,90,0,0,0,0,0,0,0,0,85,0,1,0
163,Trent Alexander-Arnold ,66,ENG,RB,23-044,90,0,2,0,0,3,1,0,0,72,1,0,0
164,Alisson ,1,BRA,GK,29-049,90,0,0,0,0,0,0,0,0,75,0,0,0
165,Diogo Jota ,20,POR,FW,24-358,80,2,0,0,0,7,2,0,0,48,1,0,0
166,   Takumi Minamino ,18,JPN,FW,26-315,10,0,0,0,0,0,0,0,0,4,0,0,0
167,Sadio Mané ,10,SEN,LW,29-231,90,0,0,0,0,3,1,0,0,51,0,0,0
168,Mohamed Salah ,11,EGY,RW,29-165,90,0,1,0,0,4,0,0,0,46,0,0,0
169,Thiago Alcántara ,6,ESP,LM,30-230,58,1,0,0,0,1,1,0,0,59,2,0,1
170,   Alex Oxlade-Chamberlain ,15,ENG,LM,28-104,32,0,0,0,0,2,1,0,0,24,0,0,0
171,Fabinho ,3,BRA,CM,28-035,90,0,0,0,0,0,0,0,0,83,3,1,3
172,Jordan Henderson ,14,ENG,RM,31-163,66,0,0,0,0,1,0,0,0,56,0,0,0
173,   James Milner ,7,ENG,RM,35-327,24,0,0,0,0,1,0,0,0,32,1,0,1
174,Andrew Robertson ,26,SCO,LB,27-261,90,0,1,0,0,0,0,0,0,79,0,1,0
175,Virgil van Dijk ,4,NED,CB,30-142,90,1,0,0,0,1,1,0,0,80,1,1,0
176,Ibrahima Konaté ,5,FRA,CB,22-186,90,0,0,0,0,0,0,0,0,64,2,3,1
177,Trent Alexander-Arnold ,66,ENG,RB,23-051,90,0,1,0,0,0,0,0,0,102,2,0,1
178,Alisson ,1,BRA,GK,29-056,90,0,0,0,0,0,0,0,0,51,1,0,0
179,Diogo Jota ,20,POR,FW,24-362,87,1,0,0,0,2,1,0,0,44,3,0,0
180,   Takumi Minamino ,18,JPN,FW,26-319,3,0,0,0,0,0,0,0,0,2,0,0,0
181,Sadio Mané ,10,SEN,LW,29-235,90,0,0,0,0,3,1,0,0,49,1,0,1
182,Mohamed Salah ,11,EGY,RW,29-169,90,2,0,0,0,5,3,0,0,54,1,0,1
183,Thiago Alcántara ,6,ESP,LM,30-234,74,0,0,0,0,2,0,1,0,62,2,0,3
184,   James Milner ,7,ENG,LM,35-331,16,0,0,0,0,0,0,0,0,26,1,0,1
185,Fabinho ,3,BRA,CM,28-039,90,0,0,0,0,0,0,0,0,72,1,3,0
186,Jordan Henderson ,14,ENG,RM,31-167,82,1,1,0,0,1,1,0,0,74,0,0,2
187,   Alex Oxlade-Chamberlain ,15,ENG,RM,28-108,8,0,0,0,0,0,0,0,0,13,0,0,0
188,Andrew Robertson ,26,SCO,LB,27-265,90,0,2,0,0,0,0,1,0,77,5,0,2
189,Virgil van Dijk ,4,NED,CB,30-146,90,0,0,0,0,1,0,1,0,76,1,1,1
190,Joël Matip ,32,CMR,CB,30-115,90,0,0,0,0,1,0,0,0,67,0,2,2
191,Trent Alexander-Arnold ,66,ENG,RB,23-055,90,0,0,0,0,1,1,0,0,89,0,3,0
192,Alisson ,1,BRA,GK,29-060,90,0,0,0,0,0,0,0,0,42,0,0,0
193,Diogo Jota ,20,POR,"FW,AM",25-000,81,0,0,0,0,4,0,0,0,43,0,0,1
194,   Alex Oxlade-Chamberlain ,15,ENG,AM,28-111,9,0,0,0,0,0,0,0,0,6,1,0,1
195,Sadio Mané ,10,SEN,LW,29-238,90,0,0,0,0,1,1,0,0,47,2,0,1
196,Mohamed Salah ,11,EGY,RW,29-172,89,0,1,0,0,2,1,0,0,42,0,1,0
197,   James Milner ,7,ENG,RW,35-334,1,0,0,0,0,0,0,0,0,1,0,0,0
198,Thiago Alcántara ,6,ESP,"LM,DM",30-237,90,0,0,0,0,4,1,0,0,106,2,2,1
199,Fabinho ,3,BRA,"CM,DM",28-042,90,0,0,0,0,0,0,1,0,79,2,3,1
200,Jordan Henderson ,14,ENG,RM,31-170,67,0,0,0,0,0,0,0,0,57,1,0,0
201,   Divock Origi ,27,BEL,FW,26-230,23,1,0,0,0,3,1,0,0,17,0,0,0
202,Andrew Robertson ,26,SCO,LB,27-268,90,0,0,0,0,0,0,1,0,89,3,0,1
203,Virgil van Dijk ,4,NED,CB,30-149,90,0,0,0,0,0,0,0,0,99,0,0,0
204,Joël Matip ,32,CMR,CB,30-118,90,0,0,0,0,1,0,0,0,95,3,1,0
205,Trent Alexander-Arnold ,66,ENG,RB,23-058,90,0,0,0,0,2,0,0,0,89,1,2,2
206,Alisson ,1,BRA,GK,29-063,90,0,0,0,0,0,0,0,0,24,0,0,0
207,Alex Oxlade-Chamberlain ,15,ENG,FW,28-118,57,0,0,0,0,1,0,0,0,24,0,0,1
208,   Diogo Jota ,20,POR,FW,25-007,33,0,0,0,0,2,0,0,0,9,0,0,0
209,Sadio Mané ,10,SEN,LW,29-245,87,0,0,0,0,4,0,0,0,47,4,0,1
210,   Takumi Minamino ,18,JPN,LW,26-329,3,0,0,0,0,0,0,0,0,2,0,0,0
211,Mohamed Salah ,11,EGY,RW,29-179,90,1,0,1,1,5,1,0,0,47,1,0,0
212,Thiago Alcántara ,6,ESP,LM,30-244,82,0,0,0,0,1,0,0,0,93,2,1,0
213,   James Milner ,7,ENG,LM,35-341,8,0,0,0,0,0,0,0,0,6,0,1,0
214,Fabinho ,3,BRA,CM,28-049,90,0,0,0,0,0,0,0,0,59,3,2,1
215,Jordan Henderson ,14,ENG,RM,31-177,90,0,0,0,0,0,0,0,0,52,0,3,0
216,Andrew Robertson ,26,SCO,LB,27-275,90,0,0,0,0,1,1,0,0,105,1,1,1
217,Virgil van Dijk ,4,NED,CB,30-156,90,0,0,0,0,1,1,1,0,93,2,0,1
218,Joël Matip ,32,CMR,CB,30-125,90,0,0,0,0,2,1,0,0,75,2,2,1
219,Trent Alexander-Arnold ,66,ENG,RB,23-065,90,0,0,0,0,2,0,0,0,92,1,0,2
220,Alisson ,1,BRA,GK,29-070,90,0,0,0,0,0,0,0,0,25,1,0,0
221,Diogo Jota ,20,POR,FW,25-012,90,1,0,0,0,7,3,0,0,37,1,0,0
222,Sadio Mané ,10,SEN,LW,29-250,90,0,0,0,0,2,1,0,0,41,1,0,0
223,Mohamed Salah ,11,EGY,RW,29-184,73,1,0,0,0,4,1,0,0,49,0,0,0
224,   Roberto Firmino ,9,BRA,RW,30-075,17,0,1,0,0,1,0,0,0,16,1,0,0
225,Thiago Alcántara ,6,ESP,LM,30-249,89,0,0,0,0,0,0,0,0,104,2,1,1
226,   James Milner ,7,ENG,LM,35-346,1,0,0,0,0,0,0,0,0,11,0,0,0
227,Jordan Henderson ,14,ENG,CM,31-182,90,0,0,0,0,2,0,1,0,126,0,1,0
228,Alex Oxlade-Chamberlain ,15,ENG,RM,28-123,73,0,0,0,0,1,0,0,0,41,1,0,1
229,   Naby Keïta ,8,GUI,RM,26-309,17,0,0,0,0,3,1,0,0,23,1,0,0
230,Andrew Robertson ,26,SCO,LB,27-280,90,0,0,0,0,0,0,0,0,88,0,1,1
231,Ibrahima Konaté ,5,FRA,CB,22-205,90,0,0,0,0,1,0,0,0,95,1,3,0
232,Joël Matip ,32,CMR,CB,30-130,90,0,0,0,0,1,1,0,0,94,3,1,0
233,Trent Alexander-Arnold ,66,ENG,RB,23-070,90,1,0,0,0,1,1,0,0,111,1,2,0
234,Alisson ,1,BRA,GK,29-075,90,0,0,0,0,0,0,0,0,33,0,0,0
235,Diogo Jota ,20,POR,"FW,RM",25-015,89,1,0,0,0,3,1,0,0,41,3,0,3
236,   Joe Gomez ,12,ENG,"CB,RM",24-210,1,0,0,0,0,0,0,0,0,2,0,0,0
237,Sadio Mané ,10,SEN,"LW,LM",29-253,81,0,0,0,0,2,0,0,0,51,2,0,1
238,   Kostas Tsimikas ,21,GRE,"LB,WB",25-221,9,0,0,0,0,0,0,1,0,14,0,1,0
239,Mohamed Salah ,11,EGY,"RW,FW",29-187,90,0,0,0,0,2,0,0,0,36,2,0,0
240,James Milner ,7,ENG,"LM,CM,LB",35-349,90,0,0,0,0,3,1,0,0,86,3,2,0
241,Tyler Morton ,80,ENG,CM,19-049,59,0,0,0,0,0,0,1,0,32,0,3,0
242,   Roberto Firmino ,9,BRA,"FW,LM",30-078,31,0,0,0,0,0,0,0,0,15,0,0,1
243,Naby Keïta ,8,GUI,"RM,CM",26-312,90,0,0,0,0,3,1,1,0,71,7,3,3
244,Andrew Robertson ,26,SCO,LB,27-283,76,1,1,0,0,2,1,0,1,86,0,1,0
245,Ibrahima Konaté ,5,FRA,CB,22-208,90,0,0,0,0,0,0,1,0,61,1,1,3
246,Joël Matip ,32,CMR,CB,30-133,90,0,0,0,0,1,0,0,0,62,3,0,1
247,Trent Alexander-Arnold ,66,ENG,"RB,WB",23-073,90,0,1,0,0,2,2,0,0,99,4,0,1
248,Alisson ,1,BRA,GK,29-078,90,0,0,0,0,0,0,0,0,45,0,0,0
249,Diogo Jota ,20,POR,FW,25-024,90,0,0,0,0,3,0,0,0,41,2,1,1
250,Sadio Mané ,10,SEN,LW,29-262,90,0,0,0,0,5,1,0,0,51,1,0,1
251,Mohamed Salah ,11,EGY,RW,29-196,90,0,0,0,1,4,1,0,0,51,0,1,0
252,Alex Oxlade-Chamberlain ,15,ENG,LM,28-135,54,0,0,0,0,0,0,0,0,40,1,1,0
253,   Naby Keïta ,8,GUI,"DM,LM",26-321,36,0,0,0,0,1,0,0,0,46,3,0,0
254,Fabinho ,3,BRA,CM,28-066,63,0,0,0,0,0,0,0,0,51,3,2,0
255,   James Milner ,7,ENG,"DM,CM",35-358,27,0,0,0,0,0,0,0,0,41,3,2,0
256,Jordan Henderson ,14,ENG,RM,31-194,69,0,0,0,0,3,0,0,0,55,0,1,3
257,   Roberto Firmino ,9,BRA,AM,30-087,21,0,0,0,0,0,0,0,0,11,0,0,0
258,Kostas Tsimikas ,21,GRE,LB,25-230,90,0,0,0,0,0,0,0,0,88,1,2,0
259,Virgil van Dijk ,4,NED,CB,30-173,90,0,0,0,0,1,1,0,0,71,1,1,2
260,Joël Matip ,32,CMR,CB,30-142,90,0,0,0,0,3,0,1,0,75,0,3,1
261,Trent Alexander-Arnold ,66,ENG,RB,23-082,90,0,0,0,0,0,0,0,0,115,0,1,0
262,Alisson ,1,BRA,GK,29-087,90,0,0,0,0,0,0,0,0,21,0,0,0
263,Diogo Jota ,20,POR,FW,25-029,68,0,0,0,0,0,0,0,0,35,0,0,0
264,   Alex Oxlade-Chamberlain ,15,ENG,FW,28-140,22,0,0,0,0,0,0,0,0,10,0,0,0
265,Sadio Mané ,10,SEN,LW,29-267,89,1,0,0,0,2,2,1,0,42,1,1,1
266,   Curtis Jones ,17,ENG,LW,20-337,1,0,0,0,0,0,0,0,0,4,0,0,0
267,Mohamed Salah ,11,EGY,RW,29-201,90,1,0,0,0,4,3,0,0,39,0,1,0
268,James Milner ,7,ENG,LM,35-363,68,0,0,0,0,0,0,0,0,37,3,1,3
269,   Naby Keïta ,8,GUI,LM,26-326,22,0,0,0,0,0,0,0,0,12,0,1,0
270,Fabinho ,3,BRA,CM,28-071,90,0,0,0,0,0,0,0,0,60,2,2,0
271,Jordan Henderson ,14,ENG,RM,31-199,90,0,0,0,0,0,0,0,0,53,2,1,0
272,Kostas Tsimikas ,21,GRE,LB,25-235,90,0,0,0,0,1,0,0,0,72,2,2,0
273,Virgil van Dijk ,4,NED,CB,30-178,90,0,0,0,0,0,0,0,0,67,1,1,0
274,Ibrahima Konaté ,5,FRA,CB,22-222,90,0,0,0,0,1,0,1,0,64,0,0,3
275,Trent Alexander-Arnold ,66,ENG,RB,23-087,90,0,1,0,0,2,1,0,0,77,0,0,0
276,Caoimhín Kelleher ,62,IRL,GK,23-040,90,0,0,0,0,0,0,0,0,52,1,0,0
277,Roberto Firmino ,9,BRA,FW,30-106,77,0,1,0,0,2,1,0,0,54,0,1,0
278,   James Milner ,7,ENG,FW,36-012,13,0,0,0,0,0,0,0,0,25,0,0,0
279,Diogo Jota ,20,POR,LW,25-043,81,0,0,0,0,6,2,0,0,53,0,0,1
280,   Kaide Gordon ,49,ENG,LW,17-103,9,0,0,0,0,1,1,0,0,7,1,0,0
281,Alex Oxlade-Chamberlain ,15,ENG,RW,28-154,73,1,0,0,0,2,1,0,0,39,0,0,2
282,   Takumi Minamino ,18,JPN,RW,27-000,17,1,0,0,0,2,1,0,0,10,1,0,0
283,Curtis Jones ,17,ENG,LM,20-351,90,0,0,0,0,2,2,0,0,75,1,1,0
284,Fabinho ,3,BRA,CM,28-085,90,1,0,0,0,2,2,0,0,86,0,2,1
285,Jordan Henderson ,14,ENG,RM,31-213,90,0,0,0,0,0,0,0,0,100,2,2,0
286,Andrew Robertson ,26,SCO,LB,27-311,90,0,1,0,0,1,0,0,0,105,1,1,0
287,Virgil van Dijk ,4,NED,CB,30-192,90,0,0,0,0,2,2,0,0,74,0,0,0
288,Joël Matip ,32,CMR,CB,30-161,90,0,0,0,0,3,1,0,0,86,2,2,3
289,Trent Alexander-Arnold ,66,ENG,RB,23-101,90,0,1,0,0,4,0,0,0,115,1,0,0
290,Alisson ,1,BRA,GK,29-106,90,0,0,0,0,0,0,0,0,46,0,0,0
291,Roberto Firmino ,9,BRA,FW,30-113,89,0,0,0,0,0,0,1,0,54,2,0,0
292,   James Milner ,7,ENG,RW,36-019,1,0,0,0,0,0,0,0,0,4,0,0,0
293,Diogo Jota ,20,POR,LW,25-050,90,0,0,0,0,1,1,0,0,45,1,0,1
294,Alex Oxlade-Chamberlain ,15,ENG,RW,28-161,59,1,0,0,0,3,1,0,0,36,2,0,2
295,   Takumi Minamino ,18,JPN,"RW,FW",27-007,31,0,0,0,0,0,0,0,0,4,0,0,0
296,Curtis Jones ,17,ENG,LM,20-358,90,0,0,0,0,0,0,0,0,58,1,1,1
297,Fabinho ,3,BRA,CM,28-092,90,1,0,1,1,2,1,0,0,59,0,1,0
298,Jordan Henderson ,14,ENG,RM,31-220,90,0,0,0,0,4,1,0,0,72,0,2,2
299,Andrew Robertson ,26,SCO,LB,27-318,90,0,2,0,0,2,1,0,0,85,1,0,0
300,Virgil van Dijk ,4,NED,CB,30-199,90,1,0,0,0,1,1,0,0,77,0,1,0
301,Joël Matip ,32,CMR,CB,30-168,90,0,0,0,0,0,0,0,0,90,0,2,0
302,Trent Alexander-Arnold ,66,ENG,RB,23-108,89,0,0,0,0,0,0,0,0,90,0,2,2
303,   Joe Gomez ,12,ENG,RB,24-245,1,0,0,0,0,0,0,0,0,3,0,0,0
304,Alisson ,1,BRA,GK,29-113,90,0,0,0,0,0,0,0,0,41,0,0,0
305,Roberto Firmino ,9,BRA,FW,30-131,59,0,0,0,0,4,2,1,0,43,3,0,1
306,   Mohamed Salah ,11,EGY,RW,29-240,31,0,0,0,0,4,3,0,0,23,0,0,0
307,Luis Díaz ,23,COL,LW,25-028,89,0,0,0,0,4,2,0,0,59,0,0,1
308,   Takumi Minamino ,18,JPN,LW,27-025,1,0,0,0,0,0,0,0,0,3,0,0,0
309,Diogo Jota ,20,POR,"RW,FW",25-068,90,2,0,0,0,3,2,0,0,37,3,1,1
310,Curtis Jones ,17,ENG,LM,21-011,58,0,0,0,0,1,0,0,0,50,1,2,0
311,   Harvey Elliott ,67,ENG,RM,18-312,32,0,0,0,0,0,0,0,0,27,1,1,1
312,Fabinho ,3,BRA,CM,28-110,90,0,0,0,0,0,0,0,0,69,4,6,3
313,Thiago Alcántara ,6,ESP,"RM,LM",30-305,90,0,0,0,0,1,0,0,0,94,4,3,1
314,Andrew Robertson ,26,SCO,LB,27-336,90,0,0,0,0,0,0,0,0,104,0,1,3
315,Virgil van Dijk ,4,NED,CB,30-217,90,0,0,0,0,2,1,0,0,105,0,1,0
316,Joël Matip ,32,CMR,CB,30-186,90,0,1,0,0,1,0,0,0,116,2,3,1
317,Trent Alexander-Arnold ,66,ENG,RB,23-126,90,0,0,0,0,2,1,0,0,102,0,1,1
318,Alisson ,1,BRA,GK,29-131,90,0,0,0,0,0,0,0,0,24,0,0,0
319,Roberto Firmino ,9,BRA,FW,30-134,90,0,0,0,0,1,0,0,0,53,2,1,2
320,Sadio Mané ,10,SEN,LW,29-309,66,0,0,0,0,3,1,0,0,31,0,0,0
321,   Diogo Jota ,20,POR,LW,25-071,24,0,0,0,0,1,0,0,0,20,0,0,1
322,Mohamed Salah ,11,EGY,RW,29-243,90,0,0,0,0,1,0,0,0,42,1,1,2
323,Naby Keïta ,8,GUI,LM,27-003,89,0,0,0,0,1,1,0,0,84,5,0,0
324,   James Milner ,7,ENG,LM,36-040,1,0,0,0,0,0,0,0,0,0,0,0,0
325,Fabinho ,3,BRA,CM,28-113,90,1,0,0,0,3,2,0,0,67,0,0,1
326,Jordan Henderson ,14,ENG,RM,31-241,58,0,0,0,0,0,0,1,0,45,1,1,1
327,   Thiago Alcántara ,6,ESP,RM,30-308,32,0,0,0,0,0,0,0,0,34,0,0,0
328,Andrew Robertson ,26,SCO,LB,27-339,90,0,0,0,0,1,0,0,0,95,0,0,1
329,Virgil van Dijk ,4,NED,CB,30-220,90,0,0,0,0,0,0,0,0,82,0,1,1
330,Joël Matip ,32,CMR,CB,30-189,90,0,0,0,0,0,0,0,0,86,2,1,1
331,Trent Alexander-Arnold ,66,ENG,RB,23-129,90,0,0,0,0,1,0,0,0,99,0,1,0
332,Alisson ,1,BRA,GK,29-134,90,0,0,0,0,0,0,0,0,53,0,0,0
333,Sadio Mané ,10,SEN,"FW,LM,LW",29-315,90,1,0,0,0,4,2,0,0,45,0,0,1
334,Luis Díaz ,23,COL,"LW,FW",25-037,89,1,0,0,0,4,1,0,0,54,1,1,1
335,   Takumi Minamino ,18,JPN,AM,27-034,1,0,0,0,0,0,0,0,0,0,0,0,0
336,Mohamed Salah ,11,EGY,"RW,RM",29-249,90,1,0,0,0,8,2,0,0,62,1,0,0
337,Naby Keïta ,8,GUI,LM,27-009,61,0,0,0,0,1,0,0,0,62,3,0,0
338,   Divock Origi ,27,BEL,FW,26-307,29,0,0,0,0,2,0,0,0,9,0,0,1
339,Jordan Henderson ,14,ENG,"CM,DM",31-247,90,0,1,0,0,2,0,0,0,124,0,0,1
340,Alex Oxlade-Chamberlain ,15,ENG,RM,28-188,61,0,0,0,0,3,0,0,0,42,2,0,0
341,   Thiago Alcántara ,6,ESP,"CM,DM",30-314,29,0,0,0,0,1,0,0,0,52,0,0,0
342,Kostas Tsimikas ,21,GRE,LB,25-283,90,0,1,0,0,3,1,0,0,97,3,1,2
343,Virgil van Dijk ,4,NED,CB,30-226,90,0,0,0,0,1,1,0,0,102,0,1,1
344,Joël Matip ,32,CMR,CB,30-195,90,0,0,0,0,0,0,0,0,85,3,3,0
345,Joe Gomez ,12,ENG,RB,24-272,90,0,0,0,0,0,0,0,0,93,1,1,1
346,Alisson ,1,BRA,GK,29-140,90,0,1,0,0,0,0,0,0,36,0,0,0
347,Sadio Mané ,10,SEN,FW,29-319,90,2,0,0,0,3,2,0,0,78,1,0,0
348,Luis Díaz ,23,COL,LW,25-041,84,0,0,0,0,4,2,0,0,62,0,0,0
349,   Divock Origi ,27,BEL,LW,26-311,6,0,0,0,0,1,1,0,0,2,0,0,0
350,Mohamed Salah ,11,EGY,RW,29-253,90,2,1,2,2,4,1,0,0,66,0,0,0
351,Thiago Alcántara ,6,ESP,LM,30-318,67,0,0,0,0,0,0,0,0,65,4,1,1
352,   Jordan Henderson ,14,ENG,LM,31-251,23,0,1,0,0,0,0,0,0,21,0,1,0
353,Fabinho ,3,BRA,CM,28-123,90,0,0,0,0,1,0,0,0,51,2,2,0
354,Curtis Jones ,17,ENG,RM,21-024,76,0,0,0,0,4,3,0,0,66,0,1,0
355,   James Milner ,7,ENG,RM,36-050,14,0,0,0,0,1,0,0,0,15,0,1,0
356,Andrew Robertson ,26,SCO,LB,27-349,90,0,1,0,0,1,1,0,0,69,0,1,1
357,Virgil van Dijk ,4,NED,CB,30-230,90,1,0,0,0,1,1,0,0,104,0,3,0
358,Joël Matip ,32,CMR,CB,30-199,90,1,0,0,0,1,1,0,0,98,1,1,0
359,Trent Alexander-Arnold ,66,ENG,RB,23-139,90,0,0,0,0,0,0,0,0,59,0,1,1
360,Alisson ,1,BRA,GK,29-144,90,0,0,0,0,0,0,0,0,65,0,0,0
361,Sadio Mané ,10,SEN,"FW,RW",29-329,90,1,0,0,0,5,1,1,0,69,1,0,0
362,Luis Díaz ,23,COL,LW,25-051,89,0,0,0,0,5,0,0,0,66,0,0,2
363,   Curtis Jones ,17,ENG,LW,21-034,1,0,0,0,0,0,0,0,0,1,0,0,0
364,Mohamed Salah ,11,EGY,RW,29-263,78,0,0,0,0,6,3,0,0,57,0,0,0
365,   Diogo Jota ,20,POR,FW,25-091,12,0,0,0,0,1,0,1,0,8,0,0,0
366,Naby Keïta ,8,GUI,LM,27-023,89,0,0,0,0,1,0,0,0,72,1,0,2
367,   James Milner ,7,ENG,LM,36-060,1,0,0,0,0,0,0,0,0,1,0,0,0
368,Fabinho ,3,BRA,CM,28-133,90,0,0,0,0,0,0,0,0,70,2,1,2
369,Jordan Henderson ,14,ENG,RM,31-261,90,0,0,0,0,0,0,0,0,75,1,1,0
370,Andrew Robertson ,26,SCO,LB,27-359,90,0,0,0,0,0,0,0,0,97,3,0,0
371,Virgil van Dijk ,4,NED,CB,30-240,90,0,0,0,0,1,0,0,0,82,0,1,0
372,Ibrahima Konaté ,5,FRA,CB,22-284,90,0,0,0,0,0,0,0,0,99,2,0,2
373,Trent Alexander-Arnold ,66,ENG,RB,23-149,90,0,1,0,0,3,1,0,0,121,1,2,3
374,Alisson ,1,BRA,GK,29-154,90,0,0,0,0,0,0,0,0,46,0,0,0
375,Sadio Mané ,10,SEN,FW,29-336,90,0,0,0,0,4,3,0,0,36,0,0,0
376,Luis Díaz ,23,COL,LW,25-058,90,1,0,0,0,2,2,0,0,51,2,0,1
377,Mohamed Salah ,11,EGY,RW,29-270,64,1,0,1,1,6,2,0,0,27,0,0,0
378,   Diogo Jota ,20,POR,RW,25-098,26,0,0,0,0,0,0,0,0,12,2,1,0
379,Naby Keïta ,8,GUI,LM,27-030,64,0,0,0,0,1,0,0,0,37,1,2,2
380,   Thiago Alcántara ,6,ESP,LM,30-335,26,0,0,0,0,0,0,0,0,17,0,1,0
381,Fabinho ,3,BRA,CM,28-140,90,0,0,0,0,0,0,1,0,35,3,0,1
382,Jordan Henderson ,14,ENG,RM,31-268,85,0,0,0,0,1,1,0,0,44,2,1,0
383,   James Milner ,7,ENG,RM,36-067,5,0,0,0,0,0,0,0,0,6,0,0,0
384,Andrew Robertson ,26,SCO,LB,28-001,90,0,0,0,0,1,0,0,0,77,2,2,0
385,Virgil van Dijk ,4,NED,CB,30-247,90,0,0,0,0,0,0,0,0,51,1,0,0
386,Joël Matip ,32,CMR,CB,30-216,90,0,1,0,0,1,0,0,0,50,0,1,2
387,Trent Alexander-Arnold ,66,ENG,RB,23-156,90,0,0,0,0,1,0,0,0,68,2,1,2
388,Alisson ,1,BRA,GK,29-161,90,0,0,0,0,0,0,0,0,41,0,0,0
389,Diogo Jota ,20,POR,FW,25-102,55,1,0,0,0,1,1,0,0,23,0,0,0
390,   Roberto Firmino ,9,BRA,FW,30-165,35,1,0,0,0,1,1,1,0,23,0,0,3
391,Luis Díaz ,23,COL,LW,25-062,55,0,0,0,0,0,0,0,0,25,1,2,0
392,   Mohamed Salah ,11,EGY,RW,29-274,35,0,0,0,0,3,0,0,0,21,0,0,0
393,Sadio Mané ,10,SEN,"RW,LW",29-340,90,0,0,0,0,1,0,0,0,27,0,0,4
394,Thiago Alcántara ,6,ESP,LM,30-339,89,0,1,0,0,0,0,0,0,73,6,4,0
395,   Curtis Jones ,17,ENG,LM,21-045,1,0,0,0,0,0,0,0,0,2,0,0,0
396,Fabinho ,3,BRA,CM,28-144,90,0,0,0,0,0,0,0,0,57,2,0,3
397,Jordan Henderson ,14,ENG,RM,31-272,90,0,0,0,0,0,0,0,0,53,0,0,0
398,Andrew Robertson ,26,SCO,LB,28-005,90,0,1,0,0,1,0,0,0,101,4,3,3
399,Virgil van Dijk ,4,NED,CB,30-251,90,0,0,0,0,1,1,0,0,91,0,0,1
400,Joël Matip ,32,CMR,CB,30-220,90,0,0,0,0,1,0,0,0,68,1,0,1
401,Trent Alexander-Arnold ,66,ENG,RB,23-160,90,0,0,0,0,0,0,0,0,68,2,2,0
402,Alisson ,1,BRA,GK,29-165,90,0,0,0,0,0,0,0,0,37,0,0,0
403,Roberto Firmino ,9,BRA,FW,30-182,90,0,0,0,0,3,0,0,0,55,4,0,1
404,Diogo Jota ,20,POR,LW,25-119,90,1,0,0,0,6,2,0,0,44,0,0,0
405,Mohamed Salah ,11,EGY,RW,29-291,68,0,0,0,0,3,0,0,0,42,2,0,0
406,   Sadio Mané ,10,SEN,RW,29-357,22,0,0,0,0,1,0,0,0,12,1,0,1
407,Thiago Alcántara ,6,ESP,LM,30-356,89,0,0,0,0,1,0,0,0,99,5,3,1
408,   James Milner ,7,ENG,LM,36-088,1,0,0,0,0,0,0,0,0,5,0,0,0
409,Jordan Henderson ,14,ENG,CM,31-289,90,0,0,0,0,0,0,0,0,84,2,0,1
410,Curtis Jones ,17,ENG,RM,21-062,61,0,0,0,0,2,0,0,0,41,1,0,1
411,   Fabinho ,3,BRA,RM,28-161,29,1,0,1,1,0,0,0,0,40,0,0,0
412,Andrew Robertson ,26,SCO,LB,28-022,90,0,0,0,0,1,0,0,0,102,2,1,0
413,Virgil van Dijk ,4,NED,CB,30-268,90,0,0,0,0,1,0,0,0,113,0,1,0
414,Joël Matip ,32,CMR,CB,30-237,90,0,0,0,0,1,0,0,0,114,2,1,0
415,Joe Gomez ,12,ENG,RB,24-314,90,0,1,0,0,0,0,1,0,93,4,1,2
416,Alisson ,1,BRA,GK,29-182,90,0,0,0,0,0,0,0,0,36,0,0,0
417,Diogo Jota ,20,POR,FW,25-127,69,1,0,0,0,2,2,0,0,23,2,0,0
418,   Luis Díaz ,23,COL,LW,25-087,21,0,0,0,0,0,0,0,0,10,1,0,0
419,Sadio Mané ,10,SEN,"LW,FW",30-000,83,1,0,0,0,1,1,0,0,37,1,0,0
420,   Roberto Firmino ,9,BRA,FW,30-190,7,0,0,0,0,0,0,0,0,9,0,0,1
421,Mohamed Salah ,11,EGY,RW,29-299,90,0,1,0,0,1,0,0,0,41,3,0,0
422,Thiago Alcántara ,6,ESP,LM,30-364,90,0,0,0,0,0,0,1,0,64,0,3,1
423,Fabinho ,3,BRA,CM,28-169,90,0,0,0,0,0,0,1,0,63,3,0,1
424,Jordan Henderson ,14,ENG,RM,31-297,77,0,0,0,0,1,0,0,0,46,2,0,0
425,   Naby Keïta ,8,GUI,RM,27-059,13,0,0,0,0,0,0,0,0,7,0,0,0
426,Andrew Robertson ,26,SCO,LB,28-030,90,0,0,0,0,0,0,1,0,53,0,0,0
427,Virgil van Dijk ,4,NED,CB,30-276,90,0,0,0,0,0,0,1,0,72,2,3,2
428,Joël Matip ,32,CMR,CB,30-245,90,0,0,0,0,0,0,0,0,69,1,2,1
429,Trent Alexander-Arnold ,66,ENG,RB,23-185,90,0,1,0,0,1,1,0,0,63,3,0,1
430,Alisson ,1,BRA,GK,29-190,90,0,0,0,0,0,0,0,0,55,0,0,0
431,Sadio Mané ,10,SEN,FW,30-009,90,1,1,0,0,2,1,0,0,62,1,0,1
432,Luis Díaz ,23,COL,LW,25-096,69,1,1,0,0,3,2,0,0,53,0,0,0
433,   Diogo Jota ,20,POR,LW,25-136,21,0,1,0,0,2,0,0,0,21,1,0,1
434,Mohamed Salah ,11,EGY,RW,29-308,90,2,1,0,0,4,2,0,0,61,1,0,2
435,Thiago Alcántara ,6,ESP,LM,31-008,79,0,0,0,0,0,0,0,0,127,3,2,4
436,   Naby Keïta ,8,GUI,LM,27-068,11,0,0,0,0,0,0,1,0,16,1,0,2
437,Fabinho ,3,BRA,CM,28-178,85,0,0,0,0,1,0,0,0,104,1,1,0
438,   James Milner ,7,ENG,CM,36-105,5,0,0,0,0,0,0,0,0,4,0,0,0
439,Jordan Henderson ,14,ENG,RM,31-306,90,0,0,0,0,2,0,0,0,106,1,2,1
440,Andrew Robertson ,26,SCO,LB,28-039,90,0,0,0,0,0,0,0,0,104,2,1,0
441,Virgil van Dijk ,4,NED,CB,30-285,90,0,0,0,0,0,0,0,0,123,0,2,1
442,Joël Matip ,32,CMR,CB,30-254,90,0,0,0,0,0,0,0,0,99,2,0,0
443,Trent Alexander-Arnold ,66,ENG,RB,23-194,90,0,0,0,0,0,0,0,0,101,2,2,0
444,Alisson ,1,BRA,GK,29-199,90,0,0,0,0,0,0,0,0,67,0,0,0
445,Sadio Mané ,10,SEN,FW,30-014,59,0,0,0,0,2,0,1,0,41,0,0,2
446,   Luis Díaz ,23,COL,LW,25-101,31,0,1,0,0,3,1,0,0,20,0,0,1
447,Diogo Jota ,20,POR,"LW,AM",25-141,81,0,0,0,0,1,0,0,0,41,2,0,0
448,   Jordan Henderson ,14,ENG,RM,31-311,9,0,0,0,0,0,0,0,0,12,1,0,1
449,Mohamed Salah ,11,EGY,RW,29-313,90,0,1,0,0,2,0,0,0,72,0,0,1
450,Thiago Alcántara ,6,ESP,"LM,DM",31-013,90,0,0,0,0,1,1,0,0,134,2,0,2
451,Fabinho ,3,BRA,"CM,DM",28-183,90,0,0,0,0,1,0,0,0,96,1,0,3
452,Naby Keïta ,8,GUI,RM,27-073,59,0,0,0,0,1,0,0,0,55,1,0,2
453,   Divock Origi ,27,BEL,FW,27-006,31,1,0,0,0,2,1,0,0,15,0,1,0
454,Andrew Robertson ,26,SCO,LB,28-044,90,1,0,0,0,2,1,0,0,107,0,0,0
455,Virgil van Dijk ,4,NED,CB,30-290,90,0,0,0,0,1,0,0,0,101,0,1,0
456,Joël Matip ,32,CMR,CB,30-259,90,0,0,0,0,2,0,0,0,120,6,0,2
457,Trent Alexander-Arnold ,66,ENG,RB,23-199,90,0,0,0,0,0,0,1,0,127,2,2,0
458,Alisson ,1,BRA,GK,29-204,90,0,0,0,0,0,0,0,0,29,0,0,0
459,Diogo Jota ,20,POR,FW,25-147,90,0,1,0,0,5,4,1,0,37,2,0,1
460,Sadio Mané ,10,SEN,LW,30-020,68,0,0,0,0,3,1,1,0,25,0,0,0
461,   Mohamed Salah ,11,EGY,RW,29-319,22,0,0,0,0,2,1,0,0,14,0,0,0
462,Luis Díaz ,23,COL,"RW,LW",25-107,90,0,0,0,0,4,1,0,0,53,1,0,1
463,James Milner ,7,ENG,LM,36-116,77,0,0,0,0,1,0,0,0,74,3,1,3
464,   Thiago Alcántara ,6,ESP,LM,31-019,13,0,0,0,0,0,0,0,0,12,1,1,0
465,Jordan Henderson ,14,ENG,CM,31-317,68,0,0,0,0,1,0,0,0,68,1,0,1
466,   Fabinho ,3,BRA,CM,28-189,22,0,0,0,0,1,0,0,0,16,0,0,0
467,Naby Keïta ,8,GUI,RM,27-079,90,1,0,0,0,3,1,0,0,63,3,1,4
468,Andrew Robertson ,26,SCO,LB,28-050,90,0,0,0,0,1,1,0,0,65,0,1,2
469,Virgil van Dijk ,4,NED,CB,30-296,90,0,0,0,0,2,1,0,0,71,0,0,0
470,Joël Matip ,32,CMR,CB,30-265,90,0,0,0,0,0,0,0,0,67,1,0,1
471,Joe Gomez ,12,ENG,RB,24-342,90,0,0,0,0,1,0,1,0,70,3,2,1
472,Alisson ,1,BRA,GK,29-210,90,0,0,0,0,0,0,0,0,48,0,0,0
473,Sadio Mané ,10,SEN,FW,30-027,90,0,0,0,0,1,1,0,0,46,2,0,1
474,Luis Díaz ,23,COL,"LW,LM",25-114,90,1,0,0,0,5,2,0,0,50,1,1,0
475,Mohamed Salah ,11,EGY,"RW,RM",29-326,90,0,0,0,0,3,0,0,0,44,0,0,0
476,Thiago Alcántara ,6,ESP,"LM,CM",31-026,90,0,1,0,0,3,0,0,0,116,2,0,4
477,Fabinho ,3,BRA,CM,28-196,87,0,0,0,0,0,0,1,0,66,3,1,4
478,   Naby Keïta ,8,GUI,CM,27-086,3,0,0,0,0,0,0,1,0,4,0,0,0
479,Jordan Henderson ,14,ENG,RM,31-324,64,0,0,0,0,2,0,0,0,67,0,0,1
480,   Diogo Jota ,20,POR,FW,25-154,26,0,0,0,0,0,0,0,0,12,0,0,0
481,Andrew Robertson ,26,SCO,LB,28-057,63,0,0,0,0,0,0,0,0,67,2,0,2
482,   Kostas Tsimikas ,21,GRE,LB,25-360,27,0,0,0,0,0,0,1,0,32,1,0,0
483,Virgil van Dijk ,4,NED,CB,30-303,90,0,0,0,0,3,0,0,0,78,2,0,0
484,Ibrahima Konaté ,5,FRA,CB,22-347,90,0,0,0,0,1,0,0,0,81,2,1,1
485,Trent Alexander-Arnold ,66,ENG,RB,23-212,90,0,0,0,0,4,0,0,0,118,4,1,0
486,Alisson ,1,BRA,GK,29-217,90,0,0,0,0,0,0,0,0,23,0,0,0
487,Sadio Mané ,10,SEN,FW,30-030,90,1,0,0,0,4,1,0,0,44,1,0,0
488,Diogo Jota ,20,POR,LW,25-157,90,0,0,0,0,2,0,0,0,40,1,0,0
489,Luis Díaz ,23,COL,RW,25-117,71,0,1,0,0,1,0,0,0,33,0,0,0
490,   Mohamed Salah ,11,EGY,RW,29-329,19,0,0,0,0,1,0,0,0,12,0,0,0
491,Curtis Jones ,17,ENG,LM,21-100,61,0,0,0,0,2,1,0,0,40,1,0,1
492,   Thiago Alcántara ,6,ESP,LM,31-029,29,0,0,0,0,0,0,0,0,25,0,0,2
493,Fabinho ,3,BRA,CM,28-199,29,0,0,0,0,0,0,0,0,15,2,0,1
494,   Jordan Henderson ,14,ENG,CM,31-327,61,0,0,0,0,0,0,0,0,50,2,0,0
495,Naby Keïta ,8,GUI,RM,27-089,90,0,0,0,0,2,0,0,0,60,3,2,2
496,Kostas Tsimikas ,21,GRE,LB,25-363,90,0,0,0,0,0,0,0,0,79,2,1,1
497,Virgil van Dijk ,4,NED,CB,30-306,90,0,0,0,0,1,1,0,0,70,1,1,0
498,Joël Matip ,32,CMR,CB,30-275,90,1,0,0,0,2,2,0,0,60,1,2,0
499,Trent Alexander-Arnold ,66,ENG,RB,23-215,90,0,0,0,0,2,0,0,0,104,1,2,0
500,Alisson ,1,BRA,GK,29-220,90,0,0,0,0,0,0,0,0,36,0,0,0
501,Roberto Firmino ,9,BRA,"FW,AM",30-227,82,0,0,0,0,5,1,0,0,71,1,1,1
502,   Naby Keïta ,8,GUI,RM,27-096,8,0,0,0,0,0,0,0,0,3,0,0,0
503,Diogo Jota ,20,POR,LW,25-164,90,0,1,0,0,4,0,0,0,36,2,1,0
504,Takumi Minamino ,18,JPN,RW,27-121,90,1,0,0,0,4,2,0,0,44,1,1,1
505,Curtis Jones ,17,ENG,"LM,DM",21-107,90,0,0,0,0,3,0,0,0,94,1,0,0
506,James Milner ,7,ENG,"RB,CM",36-133,90,0,0,0,0,2,1,0,0,120,4,1,1
507,Harvey Elliott ,67,ENG,RM,19-043,64,0,0,0,0,3,0,0,0,49,1,0,1
508,   Divock Origi ,27,BEL,FW,27-029,26,0,0,0,0,0,0,0,0,8,0,0,0
509,Kostas Tsimikas ,21,GRE,LB,26-005,90,0,0,0,0,1,0,0,0,119,3,0,0
510,Ibrahima Konaté ,5,FRA,CB,22-357,90,0,0,0,0,1,0,0,0,100,1,2,1
511,Joël Matip ,32,CMR,CB,30-282,90,1,0,0,0,1,1,0,0,101,0,3,0
512,Joe Gomez ,12,ENG,RB,24-359,45,0,0,0,0,0,0,0,0,57,2,0,0
513,   Jordan Henderson ,14,ENG,"CM,DM",31-334,45,0,0,0,0,0,0,0,0,62,2,0,0
514,Alisson ,1,BRA,GK,29-227,90,0,0,0,0,0,0,0,0,42,0,0,1
515,Sadio Mané ,10,SEN,FW,30-042,90,1,0,0,0,3,2,0,0,53,2,0,1
516,Luis Díaz ,23,COL,LW,25-129,90,0,0,0,0,3,0,0,0,59,2,0,0
517,Diogo Jota ,20,POR,RW,25-169,57,0,0,0,0,3,0,0,0,30,1,0,0
518,   Mohamed Salah ,11,EGY,RW,29-341,33,1,0,0,0,8,3,0,0,20,0,0,1
519,Thiago Alcántara ,6,ESP,LM,31-041,45,0,1,0,0,2,0,0,0,53,3,1,0
520,   James Milner ,7,ENG,"LM,DM",36-138,45,0,0,0,0,0,0,0,0,51,0,0,2
521,Jordan Henderson ,14,ENG,"CM,DM",31-339,90,0,0,0,0,0,0,0,0,92,1,0,0
522,Naby Keïta ,8,GUI,RM,27-101,69,0,0,0,0,1,0,0,0,52,1,1,2
523,   Roberto Firmino ,9,BRA,AM,30-232,21,0,1,0,0,1,0,0,0,23,1,0,0
524,Andrew Robertson ,26,SCO,LB,28-072,90,1,0,0,0,2,1,0,0,117,3,0,1
525,Ibrahima Konaté ,5,FRA,CB,22-362,90,0,0,0,0,0,0,0,0,82,3,1,0
526,Joël Matip ,32,CMR,CB,30-287,90,0,1,0,0,3,0,1,0,75,4,2,1
527,Trent Alexander-Arnold ,66,ENG,RB,23-227,90,0,0,0,0,3,1,0,0,90,0,1,1
528,Alisson ,1,BRA,GK,29-232,90,0,0,0,0,0,0,0,0,38,0,0,0
529,Roberto Firmino ,9,BRA,FW,28-346,90,0,0,0,0,2,0,1,0,51,2,0,0
530,Sadio Mané ,10,SEN,LW,28-155,90,0,0,0,0,5,0,0,0,53,0,1,1
531,Mohamed Salah ,11,EGY,RW,28-089,90,3,0,2,2,7,1,0,0,75,2,0,1
532,Georginio Wijnaldum ,5,NED,LM,29-306,90,0,0,0,0,2,1,0,0,34,3,1,1
533,Jordan Henderson ,14,ENG,"CM,RM",30-087,65,0,0,0,0,1,1,0,0,44,4,0,0
534,   Curtis Jones ,17,ENG,RM,19-226,25,0,0,0,0,0,0,0,0,24,0,0,2
535,Naby Keïta ,8,GUI,RM,25-215,57,0,0,0,0,1,0,0,0,40,0,3,2
536,   Fabinho ,3,BRA,CM,26-325,33,0,0,0,0,0,0,0,0,17,1,1,0
537,Andrew Robertson ,26,SCO,LB,26-185,90,0,1,0,0,0,0,0,0,69,0,2,0
538,Virgil van Dijk ,4,NED,CB,29-066,90,1,0,0,0,2,1,0,0,43,0,1,1
539,Joe Gomez ,12,ENG,"CB,RB",23-112,90,0,0,0,0,0,0,0,0,61,1,2,1
540,Trent Alexander-Arnold ,66,ENG,RB,21-341,88,0,0,0,0,0,0,0,0,71,0,2,0
541,   Joël Matip ,32,CMR,CB,29-035,2,0,0,0,0,0,0,0,0,1,0,0,0
542,Alisson ,1,BRA,GK,27-346,90,0,0,0,0,0,0,0,0,29,0,1,0
543,Roberto Firmino ,9,BRA,FW,28-354,85,0,1,0,0,1,0,0,0,40,1,0,0
544,   Takumi Minamino ,18,JPN,FW,25-248,5,0,0,0,0,0,0,0,0,1,0,0,0
545,Sadio Mané ,10,SEN,LW,28-163,90,2,0,0,0,3,3,0,0,54,3,1,1
546,Mohamed Salah ,11,EGY,RW,28-097,90,0,0,0,0,4,1,0,0,75,0,0,2
547,Georginio Wijnaldum ,5,NED,LM,29-314,90,0,0,0,0,4,1,0,0,57,1,0,0
548,Jordan Henderson ,14,ENG,CM,30-095,45,0,0,0,0,0,0,0,0,52,0,1,1
549,   Thiago Alcántara ,6,ESP,CM,29-162,45,0,0,0,0,1,0,0,0,87,1,1,0
550,Naby Keïta ,8,GUI,RM,25-223,63,0,0,0,0,0,0,0,0,55,2,0,1
551,   James Milner ,7,ENG,RM,34-260,27,0,0,0,0,0,0,0,0,51,0,0,0
552,Andrew Robertson ,26,SCO,LB,26-193,90,0,0,0,0,2,0,0,0,119,1,0,2
553,Virgil van Dijk ,4,NED,CB,29-074,90,0,0,0,0,0,0,0,0,87,0,0,0
554,Fabinho ,3,BRA,CB,26-333,90,0,0,0,0,0,0,0,0,97,4,4,1
555,Trent Alexander-Arnold ,66,ENG,RB,21-349,90,0,0,0,0,3,0,0,0,98,1,1,1
556,Alisson ,1,BRA,GK,27-354,90,0,0,0,0,0,0,0,0,27,0,0,0
557,Roberto Firmino ,9,BRA,FW,28-362,89,0,0,0,0,1,0,0,0,56,2,0,0
558,   Takumi Minamino ,18,JPN,FW,25-256,1,0,0,0,0,0,0,0,0,1,0,0,0
559,Sadio Mané ,10,SEN,LW,28-171,79,1,0,0,0,5,3,1,0,50,2,1,1
560,   Diogo Jota ,20,POR,LW,23-299,11,1,0,0,0,3,1,0,0,16,0,0,1
561,Mohamed Salah ,11,EGY,RW,28-105,90,0,0,0,0,4,1,0,0,49,1,0,0
562,Georginio Wijnaldum ,5,NED,"LM,RM",29-322,90,0,0,0,0,1,1,0,0,64,0,0,0
563,Fabinho ,3,BRA,CM,26-341,90,0,0,0,0,0,0,0,0,85,3,3,2
564,Naby Keïta ,8,GUI,RM,25-231,78,0,0,0,0,2,0,0,0,53,0,0,3
565,   James Milner ,7,ENG,LM,34-268,12,0,0,0,0,0,0,0,0,13,0,0,1
566,Andrew Robertson ,26,SCO,LB,26-201,90,1,0,0,0,1,1,0,0,123,1,0,1
567,Virgil van Dijk ,4,NED,CB,29-082,90,0,0,0,0,2,1,0,0,134,0,1,0
568,Joe Gomez ,12,ENG,CB,23-128,90,0,0,0,0,0,0,0,0,128,0,0,1
569,Trent Alexander-Arnold ,66,ENG,RB,21-357,90,0,1,0,0,2,0,1,0,102,1,1,0
570,Alisson ,1,BRA,GK,27-362,90,0,0,0,0,0,0,0,0,46,0,0,0
571,Roberto Firmino ,9,BRA,FW,29-002,67,0,1,0,0,2,2,0,0,39,0,0,2
572,   James Milner ,7,ENG,RM,34-274,23,0,0,0,0,0,0,0,0,23,1,0,2
573,Diogo Jota ,20,POR,LW,23-305,90,0,0,0,0,4,3,0,0,63,1,0,2
574,Mohamed Salah ,11,EGY,RW,28-111,90,2,0,0,0,2,2,0,0,50,1,0,0
575,Georginio Wijnaldum ,5,NED,"LM,CM",29-328,90,0,0,0,0,0,0,0,0,63,2,2,1
576,Fabinho ,3,BRA,"CM,CB",26-347,90,0,0,0,0,0,0,0,0,83,2,2,2
577,Naby Keïta ,8,GUI,RM,25-237,45,0,0,0,0,2,0,0,0,40,0,0,2
578,   Takumi Minamino ,18,JPN,"FW,RM",25-262,45,0,0,0,0,1,0,0,0,29,1,1,0
579,Andrew Robertson ,26,SCO,LB,26-207,90,0,0,0,0,1,1,0,0,117,1,0,2
580,Virgil van Dijk ,4,NED,CB,29-088,90,0,0,0,0,0,0,1,0,98,2,3,0
581,Joe Gomez ,12,ENG,CB,23-134,60,0,0,0,0,0,0,0,0,69,0,0,0
582,   Curtis Jones ,17,ENG,LM,19-248,30,0,0,0,0,0,0,0,0,19,1,0,0
583,Trent Alexander-Arnold ,66,ENG,RB,21-363,90,0,0,0,0,2,0,0,0,86,2,4,0
584,Adrián ,13,ESP,GK,33-275,90,0,0,0,0,0,0,0,0,38,0,0,0
585,Roberto Firmino ,9,BRA,FW,29-015,77,0,0,0,0,2,0,0,0,36,1,0,0
586,   Diogo Jota ,20,POR,LW,23-318,13,0,0,0,0,1,0,0,0,8,0,0,0
587,Sadio Mané ,10,SEN,"LW,FW",28-190,90,1,0,0,0,4,2,1,0,58,3,0,2
588,Mohamed Salah ,11,EGY,RW,28-124,90,1,0,0,0,6,4,0,0,51,1,0,0
589,Thiago Alcántara ,6,ESP,"LM,CM",29-189,90,0,0,0,0,2,0,0,0,91,1,2,1
590,Fabinho ,3,BRA,CM,26-360,89,0,0,0,0,1,0,1,0,65,6,0,2
591,   Georginio Wijnaldum ,5,NED,LM,29-341,1,0,0,0,0,0,0,0,0,6,1,0,0
592,Jordan Henderson ,14,ENG,RM,30-122,90,0,0,0,0,3,0,0,0,76,2,0,1
593,Andrew Robertson ,26,SCO,LB,26-220,90,0,1,0,0,0,0,0,0,69,0,1,2
594,Virgil van Dijk ,4,NED,CB,29-101,10,0,0,0,0,0,0,0,0,2,1,0,0
595,   Joe Gomez ,12,ENG,CB,23-147,80,0,0,0,0,0,0,0,0,51,0,0,0
596,Joël Matip ,32,CMR,CB,29-070,90,0,0,0,0,1,1,0,0,58,1,0,2
597,Trent Alexander-Arnold ,66,ENG,RB,22-010,90,0,0,0,0,2,1,0,0,74,1,0,0
598,Adrián ,13,ESP,GK,33-288,90,0,0,0,0,0,0,0,0,31,0,0,0
599,Mohamed Salah ,11,EGY,"FW,RW",28-131,90,0,0,0,0,4,1,0,0,51,1,0,0
600,Sadio Mané ,10,SEN,LW,28-197,90,0,1,0,0,3,1,0,0,41,1,0,0
601,Diogo Jota ,20,POR,RW,23-325,82,1,0,0,0,1,1,0,0,49,0,0,1
602,   James Milner ,7,ENG,LM,34-294,8,0,0,0,0,0,0,0,0,5,0,0,1
603,Roberto Firmino ,9,BRA,AM,29-022,82,1,0,0,0,3,1,0,0,41,0,0,1
604,   Takumi Minamino ,18,JPN,FW,25-282,8,0,0,0,0,0,0,0,0,8,0,0,0
605,Georginio Wijnaldum ,5,NED,"DM,RM",29-348,90,0,0,0,0,2,0,0,0,76,1,1,1
606,Jordan Henderson ,14,ENG,"DM,CM",30-129,90,0,0,0,0,1,0,0,0,110,1,3,1
607,Andrew Robertson ,26,SCO,LB,26-227,90,0,0,0,0,1,0,0,0,100,1,0,3
608,Joe Gomez ,12,ENG,CB,23-154,90,0,0,0,0,0,0,0,0,104,1,2,1
609,Fabinho ,3,BRA,CB,27-001,90,0,0,0,0,1,0,0,0,101,1,0,3
610,Trent Alexander-Arnold ,66,ENG,RB,22-017,90,0,0,0,0,1,1,0,0,119,0,0,0
611,Alisson ,1,BRA,GK,28-022,90,0,0,0,0,0,0,0,0,38,0,0,0
612,Roberto Firmino ,9,BRA,FW,29-029,69,0,0,0,0,0,0,0,0,39,1,0,1
613,   Diogo Jota ,20,POR,LW,23-332,21,1,0,0,0,1,1,0,0,13,2,0,0
614,Sadio Mané ,10,SEN,"LW,RW,FW",28-204,90,0,0,0,0,1,1,0,0,54,2,1,0
615,Mohamed Salah ,11,EGY,"RW,FW",28-138,89,1,0,1,1,2,1,0,0,44,0,0,1
616,   James Milner ,7,ENG,"RM,FW",34-301,1,0,0,0,0,0,0,0,0,0,0,0,0
617,Georginio Wijnaldum ,5,NED,"LM,DM",29-355,90,0,0,0,0,0,0,0,0,81,0,0,2
618,Jordan Henderson ,14,ENG,"CM,DM",30-136,90,0,0,0,0,1,0,0,0,149,2,0,2
619,Curtis Jones ,17,ENG,RM,19-275,69,0,0,0,0,1,1,0,0,93,0,0,1
620,   Xherdan Shaqiri ,23,SUI,"AM,RW",29-021,21,0,1,0,0,0,0,0,0,16,1,0,0
621,Andrew Robertson ,26,SCO,LB,26-234,90,0,0,0,0,1,0,0,0,87,0,0,1
622,Joe Gomez ,12,ENG,CB,23-161,90,0,0,0,0,0,0,0,0,117,1,0,0
623,Nathaniel Phillips ,47,ENG,CB,23-224,90,0,0,0,0,0,0,0,0,96,0,2,0
624,Trent Alexander-Arnold ,66,ENG,RB,22-024,90,0,0,0,0,1,0,0,0,137,1,1,0
625,Alisson ,1,BRA,GK,28-029,90,0,0,0,0,0,0,0,0,21,0,0,0
626,Mohamed Salah ,11,EGY,FW,28-146,90,1,0,1,1,1,0,0,0,27,0,0,0
627,Sadio Mané ,10,SEN,LW,28-212,90,0,0,0,0,0,0,0,0,31,1,0,0
628,Diogo Jota ,20,POR,"RW,AM",23-340,90,0,0,0,0,3,1,0,0,36,0,0,0
629,Roberto Firmino ,9,BRA,AM,29-037,58,0,0,0,0,2,0,0,0,27,0,0,0
630,   Xherdan Shaqiri ,23,SUI,"RW,AM",29-029,32,0,0,0,0,0,0,0,0,16,1,0,0
631,Georginio Wijnaldum ,5,NED,DM,29-363,90,0,0,0,0,0,0,0,0,62,1,1,1
632,Jordan Henderson ,14,ENG,DM,30-144,90,0,0,0,0,1,0,0,0,47,1,1,1
633,Andrew Robertson ,26,SCO,LB,26-242,90,0,0,0,0,0,0,0,0,67,1,0,0
634,Joe Gomez ,12,ENG,CB,23-169,90,0,0,0,0,0,0,0,0,73,0,0,0
635,Joël Matip ,32,CMR,CB,29-092,90,0,0,0,0,0,0,1,0,76,3,1,1
636,Trent Alexander-Arnold ,66,ENG,RB,22-032,62,0,0,0,0,2,1,0,0,46,2,1,2
637,   James Milner ,7,ENG,RB,34-309,28,0,0,0,0,0,0,0,0,22,3,0,2
638,Alisson ,1,BRA,GK,28-037,90,0,0,0,0,0,0,0,0,51,0,0,0
639,Roberto Firmino ,9,BRA,FW,29-051,90,1,0,0,0,6,2,0,0,60,1,0,2
640,Sadio Mané ,10,SEN,LW,28-226,88,0,0,0,0,6,3,0,0,32,1,0,0
641,   Takumi Minamino ,18,JPN,RW,25-311,2,0,0,0,0,1,1,0,0,2,0,0,0
642,Diogo Jota ,20,POR,RW,23-354,88,1,0,0,0,5,3,0,0,43,0,0,0
643,   Divock Origi ,27,BEL,"LW,RW",25-218,2,0,0,0,0,0,0,0,0,2,0,0,0
644,Naby Keïta ,8,GUI,LM,25-286,52,0,0,0,0,2,1,0,0,41,1,1,0
645,   Neco Williams ,76,WAL,RB,19-223,38,0,0,0,0,0,0,0,0,26,1,2,1
646,Georginio Wijnaldum ,5,NED,CM,30-011,90,0,0,0,0,0,0,0,0,56,0,3,1
647,Curtis Jones ,17,ENG,RM,19-297,90,0,0,0,0,1,1,0,0,81,1,0,0
648,Andrew Robertson ,26,SCO,LB,26-256,90,0,1,0,0,1,0,0,0,90,1,0,2
649,Fabinho ,3,BRA,CB,27-030,90,0,0,0,0,0,0,0,0,89,0,1,2
650,Joël Matip ,32,CMR,CB,29-106,90,0,0,0,0,1,0,0,0,79,1,2,0
651,James Milner ,7,ENG,"RB,LM",34-323,90,0,1,0,0,1,0,0,0,96,2,1,4
652,Alisson ,1,BRA,GK,28-051,90,0,0,0,0,0,0,0,0,34,0,0,0
653,Roberto Firmino ,9,BRA,FW,29-057,90,0,0,0,0,2,0,0,0,43,2,2,0
654,Diogo Jota ,20,POR,"LW,RW",23-360,90,1,0,0,0,2,1,0,0,46,0,0,0
655,Mohamed Salah ,11,EGY,RW,28-166,63,0,1,0,0,1,0,0,0,25,0,0,0
656,   Sadio Mané ,10,SEN,LW,28-232,27,0,0,0,0,0,0,0,0,8,0,0,0
657,James Milner ,7,ENG,"LM,RB",34-329,73,0,0,0,0,0,0,0,0,82,1,0,1
658,   Curtis Jones ,17,ENG,RB,19-303,17,0,0,0,0,0,0,0,0,7,2,0,0
659,Georginio Wijnaldum ,5,NED,"LM,CM",30-017,90,0,0,0,0,0,0,0,0,40,0,1,1
660,Takumi Minamino ,18,JPN,RM,25-317,90,0,0,0,0,1,1,0,0,53,0,0,0
661,Andrew Robertson ,26,SCO,LB,26-262,90,0,0,0,0,0,0,0,0,115,1,2,1
662,Fabinho ,3,BRA,CB,27-036,90,0,0,0,0,0,0,0,0,66,2,0,0
663,Nathaniel Phillips ,47,ENG,CB,23-252,90,0,0,0,0,0,0,0,0,67,4,2,1
664,Neco Williams ,76,WAL,RB,19-229,45,0,0,0,0,0,0,0,0,32,0,1,0
665,   Jordan Henderson ,14,ENG,CM,30-164,45,0,0,0,0,0,0,0,0,38,1,0,0
666,Alisson ,1,BRA,GK,28-057,90,0,0,0,0,0,0,1,0,41,0,0,0
667,Roberto Firmino ,9,BRA,FW,29-065,72,0,0,0,0,0,0,0,0,32,0,1,0
668,   Diogo Jota ,20,POR,FW,24-002,18,0,0,0,0,0,0,0,0,9,0,0,0
669,Sadio Mané ,10,SEN,LW,28-240,90,0,0,0,0,5,1,0,0,52,1,0,0
670,Mohamed Salah ,11,EGY,RW,28-174,90,1,1,0,0,3,2,0,0,54,0,0,0
671,Curtis Jones ,17,ENG,"LM,RM",19-311,90,0,0,0,0,1,1,0,0,94,3,0,0
672,Georginio Wijnaldum ,5,NED,CM,30-025,90,1,0,0,0,1,1,0,0,46,0,1,0
673,Jordan Henderson ,14,ENG,RM,30-172,80,0,1,0,0,0,0,0,0,93,1,0,0
674,   Naby Keïta ,8,GUI,LM,25-300,10,0,0,0,0,0,0,0,0,5,0,0,0
675,Andrew Robertson ,26,SCO,LB,26-270,90,0,0,0,0,0,0,0,0,82,2,0,0
676,Fabinho ,3,BRA,CB,27-044,90,0,0,0,0,0,0,0,0,86,1,0,1
677,Joël Matip ,32,CMR,CB,29-120,90,1,0,0,0,1,1,0,0,75,1,0,0
678,Neco Williams ,76,WAL,RB,19-237,67,0,0,0,0,0,0,1,0,67,1,1,0
679,   Trent Alexander-Arnold ,66,ENG,RB,22-060,23,0,0,0,0,0,0,0,0,16,2,2,1
680,Caoimhín Kelleher ,62,IRL,GK,22-013,90,0,0,0,0,0,0,0,0,31,0,0,0
681,Roberto Firmino ,9,BRA,FW,29-072,90,0,0,0,0,2,1,0,0,49,3,0,2
682,Sadio Mané ,10,SEN,LW,28-247,90,0,0,0,0,1,0,0,0,36,0,0,3
683,Mohamed Salah ,11,EGY,RW,28-181,83,1,0,1,1,2,1,0,0,39,1,0,0
684,   Divock Origi ,27,BEL,RW,25-239,7,0,0,0,0,0,0,0,0,3,0,0,0
685,Georginio Wijnaldum ,5,NED,"CM,LM",30-032,90,0,0,0,0,1,0,0,0,55,1,1,0
686,Jordan Henderson ,14,ENG,"CB,CM",30-179,90,0,0,0,0,1,1,0,0,127,2,2,0
687,Curtis Jones ,17,ENG,RM,19-318,90,0,0,0,0,3,2,1,0,95,2,2,0
688,Andrew Robertson ,26,SCO,LB,26-277,90,0,0,0,0,0,0,0,0,111,1,0,0
689,Fabinho ,3,BRA,CB,27-051,90,0,0,0,0,0,0,0,0,115,3,1,1
690,Joël Matip ,32,CMR,CB,29-127,45,0,0,0,0,0,0,0,0,59,2,0,0
691,   Takumi Minamino ,18,JPN,LM,25-332,45,0,0,0,0,0,0,0,0,36,3,0,0
692,Trent Alexander-Arnold ,66,ENG,RB,22-067,67,0,0,0,0,0,0,0,0,86,3,1,0
693,   Neco Williams ,76,WAL,RB,19-244,23,0,0,0,0,1,0,0,0,41,0,0,1
694,Alisson ,1,BRA,GK,28-072,90,0,0,0,0,0,0,0,0,32,0,0,0
695,Roberto Firmino ,9,BRA,FW,29-075,90,1,0,0,0,5,4,0,0,49,0,0,0
696,Sadio Mané ,10,SEN,LW,28-250,90,0,0,0,0,4,2,0,0,58,2,0,1
697,Mohamed Salah ,11,EGY,RW,28-184,90,1,0,0,0,4,4,0,0,69,2,0,1
698,Georginio Wijnaldum ,5,NED,LM,30-035,90,0,0,0,0,0,0,0,0,84,1,1,0
699,Jordan Henderson ,14,ENG,CM,30-182,90,0,0,0,0,0,0,0,0,134,1,5,0
700,Curtis Jones ,17,ENG,RM,19-321,90,0,0,0,0,3,1,0,0,124,0,4,0
701,Andrew Robertson ,26,SCO,LB,26-280,90,0,1,0,0,0,0,0,0,135,1,1,2
702,Fabinho ,3,BRA,CB,27-054,90,0,0,0,0,0,0,0,0,103,4,0,1
703,Rhys Williams ,46,ENG,CB,19-317,90,0,0,0,0,0,0,0,0,84,0,3,0
704,Trent Alexander-Arnold ,66,ENG,RB,22-070,90,0,0,0,0,1,0,0,0,90,1,0,0
705,Alisson ,1,BRA,GK,28-075,90,0,0,0,0,0,0,0,0,30,0,1,0
706,Roberto Firmino ,9,BRA,FW,29-078,74,2,1,0,0,2,2,0,0,40,1,0,2
707,   Alex Oxlade-Chamberlain ,15,ENG,FW,27-126,16,0,1,0,0,0,0,0,0,11,0,0,0
708,Takumi Minamino ,18,JPN,LW,25-338,90,1,0,0,0,3,1,0,0,31,0,1,1
709,Sadio Mané ,10,SEN,RW,28-253,56,1,1,0,0,3,1,0,0,25,2,1,1
710,   Mohamed Salah ,11,EGY,RW,28-187,34,2,1,0,0,2,2,0,0,33,1,0,0
711,Georginio Wijnaldum ,5,NED,LM,30-038,68,0,0,0,0,0,0,0,0,55,0,1,1
712,   Curtis Jones ,17,ENG,LM,19-324,22,0,0,0,0,0,0,0,0,31,0,0,1
713,Jordan Henderson ,14,ENG,CM,30-185,90,1,0,0,0,1,1,0,0,128,1,3,1
714,Naby Keïta ,8,GUI,RM,25-313,90,0,0,0,0,0,0,0,0,85,5,4,0
715,Andrew Robertson ,26,SCO,LB,26-283,90,0,1,0,0,0,0,0,0,110,3,2,0
716,Fabinho ,3,BRA,CB,27-057,90,0,0,0,0,0,0,0,0,103,4,4,0
717,Joël Matip ,32,CMR,CB,29-133,90,0,1,0,0,2,0,0,0,81,0,1,1
718,Trent Alexander-Arnold ,66,ENG,RB,22-073,90,0,1,0,0,1,0,0,0,109,2,2,0
719,Alisson ,1,BRA,GK,28-078,90,0,0,0,0,0,0,0,0,31,0,0,0
720,Roberto Firmino ,9,BRA,FW,29-086,89,0,0,0,0,2,1,0,0,57,0,0,3
721,   Divock Origi ,27,BEL,FW,25-253,1,0,0,0,0,0,0,0,0,0,0,0,0
722,Sadio Mané ,10,SEN,LW,28-261,90,1,0,0,0,3,1,0,0,52,1,0,1
723,Mohamed Salah ,11,EGY,RW,28-195,90,0,0,0,0,3,0,0,0,68,0,0,0
724,Georginio Wijnaldum ,5,NED,LM,30-046,90,0,0,0,0,1,0,0,0,71,1,1,2
725,Jordan Henderson ,14,ENG,CM,30-193,90,0,0,0,0,1,0,0,0,172,1,1,1
726,Curtis Jones ,17,ENG,RM,19-332,82,0,0,0,0,0,0,0,0,90,2,0,0
727,   Alex Oxlade-Chamberlain ,15,ENG,RM,27-134,8,0,0,0,0,2,0,0,0,14,1,0,0
728,Andrew Robertson ,26,SCO,LB,26-291,90,0,0,0,0,0,0,0,0,95,1,0,3
729,Fabinho ,3,BRA,CB,27-065,90,0,0,0,0,1,0,0,0,101,0,2,0
730,Joël Matip ,32,CMR,CB,29-141,59,0,1,0,0,0,0,0,0,61,3,0,1
731,   Rhys Williams ,46,ENG,CB,19-328,31,0,0,0,0,1,0,0,0,30,0,0,0
732,Trent Alexander-Arnold ,66,ENG,RB,22-081,90,0,0,0,0,3,0,0,0,112,1,0,0
733,Alisson ,1,BRA,GK,28-086,90,0,0,0,0,0,0,0,0,28,0,0,0
734,Roberto Firmino ,9,BRA,FW,29-089,90,0,0,0,0,3,2,0,0,57,2,0,1
735,Sadio Mané ,10,SEN,LW,28-264,90,0,0,0,0,1,0,0,0,57,3,0,1
736,Mohamed Salah ,11,EGY,RW,28-198,89,0,0,0,0,2,1,0,0,29,0,0,0
737,   Xherdan Shaqiri ,23,SUI,RW,29-081,1,0,0,0,0,0,0,0,0,0,0,0,0
738,James Milner ,7,ENG,LM,34-361,72,0,0,0,0,2,1,1,0,91,2,2,3
739,   Thiago Alcántara ,6,ESP,LM,29-263,18,0,0,0,0,1,0,0,0,28,0,1,0
740,Jordan Henderson ,14,ENG,CM,30-196,90,0,0,0,0,1,0,0,0,91,0,3,2
741,Curtis Jones ,17,ENG,RM,19-335,67,0,0,0,0,0,0,0,0,47,1,1,0
742,   Georginio Wijnaldum ,5,NED,RM,30-049,23,0,0,0,0,0,0,0,0,12,0,0,0
743,Andrew Robertson ,26,SCO,LB,26-294,90,0,0,0,0,0,0,0,0,102,0,1,1
744,Fabinho ,3,BRA,CB,27-068,90,0,0,0,0,0,0,1,0,98,1,3,1
745,Nathaniel Phillips ,47,ENG,CB,23-284,90,0,0,0,0,0,0,1,0,96,0,1,1
746,Trent Alexander-Arnold ,66,ENG,RB,22-084,90,0,0,0,0,1,0,0,0,99,1,3,0
747,Alisson ,1,BRA,GK,28-089,90,0,0,0,0,0,0,0,0,29,0,0,0
748,Roberto Firmino ,9,BRA,FW,29-094,90,0,0,0,0,3,0,0,0,45,2,1,1
749,Sadio Mané ,10,SEN,LW,28-269,90,0,0,0,0,4,1,0,0,59,6,0,2
750,Mohamed Salah ,11,EGY,RW,28-203,90,0,0,0,0,2,0,0,0,30,1,0,0
751,Georginio Wijnaldum ,5,NED,LM,30-054,90,0,0,0,0,2,0,0,0,63,2,1,2
752,Thiago Alcántara ,6,ESP,CM,29-268,90,0,0,0,0,3,0,1,0,97,0,3,0
753,Alex Oxlade-Chamberlain ,15,ENG,RM,27-142,56,0,0,0,0,0,0,0,0,38,0,1,0
754,   Xherdan Shaqiri ,23,SUI,RM,29-086,34,0,0,0,0,1,0,1,0,32,2,1,0
755,Andrew Robertson ,26,SCO,LB,26-299,90,0,0,0,0,0,0,1,0,112,0,2,0
756,Fabinho ,3,BRA,CB,27-073,90,0,0,0,0,0,0,0,0,100,2,0,0
757,Jordan Henderson ,14,ENG,CB,30-201,90,0,0,0,0,1,0,0,0,109,1,2,1
758,Trent Alexander-Arnold ,66,ENG,RB,22-089,76,0,0,0,0,1,0,0,0,96,0,0,0
759,   James Milner ,7,ENG,RB,35-000,14,0,0,0,0,0,0,0,0,20,0,0,0
760,Alisson ,1,BRA,GK,28-094,90,0,0,0,0,0,0,0,0,41,0,0,0
761,Roberto Firmino ,9,BRA,FW,29-107,84,0,0,0,0,5,1,0,0,46,1,0,4
762,   Divock Origi ,27,BEL,FW,25-274,6,0,0,0,0,0,0,0,0,3,0,0,1
763,Sadio Mané ,10,SEN,LW,28-282,90,0,0,0,0,1,0,0,0,41,2,1,0
764,Mohamed Salah ,11,EGY,RW,28-216,90,0,0,0,0,3,0,0,0,58,2,0,0
765,Georginio Wijnaldum ,5,NED,LM,30-067,88,0,0,0,0,1,0,0,0,59,3,1,0
766,   James Milner ,7,ENG,LM,35-013,2,0,0,0,0,0,0,0,0,3,1,0,0
767,Thiago Alcántara ,6,ESP,CM,29-281,90,0,0,0,0,2,1,0,0,111,3,6,3
768,Xherdan Shaqiri ,23,SUI,RM,29-099,75,0,0,0,0,2,0,1,0,71,0,0,1
769,   Curtis Jones ,17,ENG,RM,19-353,15,0,0,0,0,0,0,0,0,13,0,0,1
770,Andrew Robertson ,26,SCO,LB,26-312,90,0,0,0,0,1,0,0,0,91,0,0,0
771,Jordan Henderson ,14,ENG,CB,30-214,90,0,0,0,0,1,0,0,0,98,1,0,0
772,Fabinho ,3,BRA,CB,27-086,90,0,0,0,0,0,0,1,0,90,2,4,2
773,Trent Alexander-Arnold ,66,ENG,RB,22-102,90,0,0,0,0,1,1,0,0,93,1,0,0
774,Alisson ,1,BRA,GK,28-107,90,0,0,0,0,0,0,0,0,42,0,0,0
775,Divock Origi ,27,BEL,FW,25-278,56,0,0,0,0,4,2,0,0,23,1,1,1
776,   Mohamed Salah ,11,EGY,RW,28-220,34,0,0,0,0,2,1,0,0,33,0,0,0
777,Sadio Mané ,10,SEN,LW,28-286,90,0,0,0,0,3,0,0,0,47,0,0,0
778,Alex Oxlade-Chamberlain ,15,ENG,RW,27-159,56,0,0,0,0,1,1,0,0,34,0,0,0
779,   Roberto Firmino ,9,BRA,FW,29-111,34,0,0,0,0,3,0,0,0,15,0,0,1
780,Georginio Wijnaldum ,5,NED,LM,30-071,90,0,0,0,0,1,0,0,0,71,0,0,0
781,Thiago Alcántara ,6,ESP,CM,29-285,90,0,0,0,0,0,0,0,0,84,2,0,1
782,Xherdan Shaqiri ,23,SUI,RM,29-103,83,0,0,0,0,4,0,0,0,86,1,0,0
783,   Takumi Minamino ,18,JPN,RM,26-005,7,0,0,0,0,1,0,0,0,7,0,0,0
784,Andrew Robertson ,26,SCO,LB,26-316,90,0,0,0,0,2,1,0,0,112,0,0,1
785,Fabinho ,3,BRA,CB,27-090,90,0,0,0,0,1,0,1,0,77,0,0,0
786,Joël Matip ,32,CMR,CB,29-166,90,0,0,0,0,0,0,1,0,76,1,3,0
787,Trent Alexander-Arnold ,66,ENG,RB,22-106,90,0,0,0,0,5,1,0,0,117,1,0,0
788,Alisson ,1,BRA,GK,28-111,90,0,0,0,0,0,0,0,0,47,0,0,0
789,Roberto Firmino ,9,BRA,FW,29-118,86,1,0,0,0,3,2,0,0,56,0,1,0
790,   Divock Origi ,27,BEL,FW,25-285,4,0,0,0,0,0,0,0,0,5,1,0,0
791,Sadio Mané ,10,SEN,LW,28-293,90,1,1,0,0,7,4,0,0,55,1,4,2
792,Mohamed Salah ,11,EGY,RW,28-227,90,0,0,0,0,1,0,0,0,40,0,0,0
793,James Milner ,7,ENG,LM,35-024,90,0,0,0,0,0,0,0,0,72,2,3,1
794,Georginio Wijnaldum ,5,NED,CM,30-078,90,0,0,0,0,1,0,0,0,68,0,1,0
795,Thiago Alcántara ,6,ESP,RM,29-292,77,0,0,0,0,1,0,1,0,66,0,1,0
796,   Curtis Jones ,17,ENG,RM,19-364,13,0,0,0,0,0,0,0,0,16,0,1,1
797,Andrew Robertson ,26,SCO,LB,26-323,90,0,0,0,0,0,0,0,0,77,1,1,1
798,Jordan Henderson ,14,ENG,CB,30-225,90,0,0,0,0,0,0,0,0,70,0,1,0
799,Joël Matip ,32,CMR,CB,29-173,45,0,0,0,0,0,0,0,0,41,2,0,1
800,   Nathaniel Phillips ,47,ENG,CB,23-313,45,0,0,0,0,0,0,1,0,24,2,1,0
801,Trent Alexander-Arnold ,66,ENG,RB,22-113,90,1,1,0,0,1,1,0,0,84,1,2,2
802,Alisson ,1,BRA,GK,28-118,90,0,0,0,0,0,0,0,0,40,0,0,0
803,Divock Origi ,27,BEL,FW,25-288,79,0,0,0,0,3,0,0,0,41,1,0,1
804,   Alex Oxlade-Chamberlain ,15,ENG,LW,27-169,11,0,0,0,0,0,0,0,0,7,0,0,0
805,Mohamed Salah ,11,EGY,"FW,RW",28-230,90,2,0,0,0,7,4,0,0,57,0,0,0
806,Xherdan Shaqiri ,23,SUI,AM,29-113,68,0,1,0,0,1,0,0,0,50,1,0,0
807,   Roberto Firmino ,9,BRA,"FW,AM",29-121,22,0,1,0,0,0,0,0,0,29,1,0,0
808,James Milner ,7,ENG,LM,35-027,56,0,0,0,0,0,0,0,0,64,0,0,4
809,   Curtis Jones ,17,ENG,LM,20-001,34,0,1,0,0,0,0,0,0,38,1,0,1
810,Georginio Wijnaldum ,5,NED,CM,30-081,90,1,0,0,0,2,1,0,0,87,1,1,0
811,Thiago Alcántara ,6,ESP,RM,29-295,90,0,0,0,0,1,0,0,0,116,5,2,0
812,Andrew Robertson ,26,SCO,LB,26-326,90,0,0,0,0,0,0,0,0,103,0,0,2
813,Jordan Henderson ,14,ENG,CB,30-228,90,0,0,0,0,0,0,0,0,97,1,1,0
814,Nathaniel Phillips ,47,ENG,CB,23-316,90,0,0,0,0,0,0,0,0,83,1,0,1
815,Trent Alexander-Arnold ,66,ENG,RB,22-116,90,0,0,0,0,0,0,0,0,86,1,0,0
816,Alisson ,1,BRA,GK,28-121,90,0,0,0,0,0,0,0,0,40,0,0,0
817,Roberto Firmino ,9,BRA,FW,29-124,78,0,0,0,0,3,0,0,0,51,1,2,2
818,   Curtis Jones ,17,ENG,FW,20-004,12,0,0,0,0,1,0,0,0,9,0,0,0
819,Xherdan Shaqiri ,23,SUI,LW,29-116,63,0,0,0,0,0,0,0,0,35,0,0,0
820,   Divock Origi ,27,BEL,LW,25-291,27,0,0,0,0,0,0,0,0,7,0,0,2
821,Mohamed Salah ,11,EGY,RW,28-233,90,0,0,0,0,4,0,0,0,55,0,0,1
822,James Milner ,7,ENG,LM,35-030,90,0,0,0,0,1,0,0,0,90,2,0,1
823,Georginio Wijnaldum ,5,NED,CM,30-084,63,0,0,0,0,0,0,1,0,34,0,0,0
824,   Alex Oxlade-Chamberlain ,15,ENG,RM,27-172,27,0,0,0,0,2,1,0,0,23,0,0,0
825,Thiago Alcántara ,6,ESP,"RM,CM",29-298,90,0,0,0,0,0,0,0,0,100,7,1,0
826,Andrew Robertson ,26,SCO,LB,26-329,90,0,0,0,0,0,0,0,0,103,1,1,2
827,Jordan Henderson ,14,ENG,CB,30-231,90,0,0,0,0,0,0,0,0,122,1,4,0
828,Nathaniel Phillips ,47,ENG,CB,23-319,90,0,0,0,0,0,0,0,0,75,0,2,0
829,Trent Alexander-Arnold ,66,ENG,RB,22-119,90,0,0,0,0,0,0,0,0,115,0,2,2
830,Caoimhín Kelleher ,62,IRL,GK,22-072,90,0,0,0,0,0,0,0,0,39,0,0,0
831,Roberto Firmino ,9,BRA,FW,29-128,90,0,0,0,0,1,1,0,0,54,1,0,2
832,Sadio Mané ,10,SEN,LW,28-303,90,0,0,0,0,2,1,0,0,33,0,0,2
833,Mohamed Salah ,11,EGY,RW,28-237,90,1,0,1,1,1,0,0,0,38,0,0,0
834,Curtis Jones ,17,ENG,LM,20-008,67,0,0,0,0,2,0,0,0,61,2,4,1
835,   James Milner ,7,ENG,LM,35-034,23,0,0,0,0,0,0,0,0,20,1,0,1
836,Georginio Wijnaldum ,5,NED,CM,30-088,90,0,0,0,0,0,0,0,0,62,0,0,0
837,Thiago Alcántara ,6,ESP,RM,29-302,67,0,0,0,0,1,0,1,0,70,3,1,1
838,   Xherdan Shaqiri ,23,SUI,RM,29-120,23,0,0,0,0,0,0,0,0,17,1,0,0
839,Andrew Robertson ,26,SCO,LB,26-333,84,0,0,0,0,0,0,0,0,72,1,0,0
840,   Kostas Tsimikas ,21,GRE,LB,24-271,6,0,0,0,0,0,0,0,0,10,0,0,0
841,Jordan Henderson ,14,ENG,CB,30-235,90,0,0,0,0,0,0,0,0,114,2,2,0
842,Fabinho ,3,BRA,CB,27-107,90,0,0,0,0,0,0,1,0,106,2,1,0
843,Trent Alexander-Arnold ,66,ENG,RB,22-123,90,0,0,0,0,0,0,0,0,85,5,3,1
844,Alisson ,1,BRA,GK,28-128,90,0,0,0,0,0,0,0,0,47,0,0,0
845,Roberto Firmino ,9,BRA,FW,29-134,90,0,1,0,0,4,2,0,0,47,2,0,0
846,Sadio Mané ,10,SEN,LW,28-309,90,0,0,0,0,2,0,0,0,52,1,0,1
847,Mohamed Salah ,11,EGY,RW,28-243,90,1,0,0,0,3,2,0,0,42,0,0,0
848,Curtis Jones ,17,ENG,LM,20-014,74,0,0,0,0,1,0,1,0,55,0,2,2
849,   Alex Oxlade-Chamberlain ,15,ENG,LM,27-182,16,0,0,0,0,0,0,0,0,12,0,0,0
850,Georginio Wijnaldum ,5,NED,CM,30-094,86,0,0,0,0,0,0,0,0,45,0,1,0
851,   Xherdan Shaqiri ,23,SUI,RM,29-126,4,0,0,0,0,0,0,0,0,7,0,0,0
852,James Milner ,7,ENG,RM,35-040,16,0,0,0,0,0,0,0,0,12,0,1,0
853,   Thiago Alcántara ,6,ESP,"RM,CM",29-308,74,0,0,0,0,0,0,0,0,60,3,2,2
854,Andrew Robertson ,26,SCO,LB,26-339,90,0,0,0,0,2,0,0,0,105,3,2,2
855,Jordan Henderson ,14,ENG,CB,30-241,90,0,0,0,0,0,0,0,0,91,1,4,1
856,Ozan Kabak ,19,TUR,CB,20-325,90,0,0,0,0,0,0,1,0,58,3,0,1
857,Trent Alexander-Arnold ,66,ENG,RB,22-129,90,0,0,0,0,3,0,0,0,121,9,2,1
858,Alisson ,1,BRA,GK,28-134,90,0,0,0,0,0,0,0,0,36,1,0,0
859,Roberto Firmino ,9,BRA,FW,29-141,90,0,0,0,0,4,1,0,0,47,2,0,1
860,Sadio Mané ,10,SEN,"LW,LM",28-316,90,0,0,0,0,2,1,1,0,50,0,0,1
861,Mohamed Salah ,11,EGY,"RW,RM",28-250,90,0,0,0,0,1,1,0,0,54,1,0,0
862,Thiago Alcántara ,6,ESP,LM,29-315,86,0,0,0,0,0,0,0,0,100,4,0,0
863,   Divock Origi ,27,BEL,FW,25-308,4,0,0,0,0,0,0,0,0,4,0,0,0
864,Georginio Wijnaldum ,5,NED,CM,30-101,90,0,0,0,0,2,1,0,0,62,0,0,1
865,Curtis Jones ,17,ENG,RM,20-021,62,0,0,0,0,1,0,0,0,55,0,2,2
866,   Xherdan Shaqiri ,23,SUI,"RM,CM",29-133,28,0,0,0,0,0,0,0,0,25,0,0,0
867,Andrew Robertson ,26,SCO,LB,26-346,90,0,0,0,0,0,0,0,0,90,3,1,1
868,Jordan Henderson ,14,ENG,CB,30-248,29,0,0,0,0,1,1,0,0,34,0,1,0
869,   Nathaniel Phillips ,47,ENG,CB,23-336,61,0,0,0,0,2,0,0,0,73,2,1,0
870,Ozan Kabak ,19,TUR,CB,20-332,90,0,0,0,0,0,0,1,0,95,2,3,0
871,Trent Alexander-Arnold ,66,ENG,RB,22-136,90,0,0,0,0,2,1,0,0,130,2,2,2
872,Alisson ,1,BRA,GK,28-141,90,0,0,0,0,0,0,0,0,35,0,0,0
873,Roberto Firmino ,9,BRA,FW,29-149,90,0,0,0,0,2,1,0,0,62,0,1,3
874,Sadio Mané ,10,SEN,LW,28-324,90,0,0,0,0,0,0,0,0,43,1,0,1
875,Mohamed Salah ,11,EGY,RW,28-258,90,0,0,0,0,3,1,0,0,50,0,0,0
876,Curtis Jones ,17,ENG,LM,20-029,79,1,0,0,0,4,3,0,0,40,0,1,1
877,   Naby Keïta ,8,GUI,LM,26-018,11,0,0,0,0,0,0,0,0,13,0,0,0
878,Georginio Wijnaldum ,5,NED,CM,30-109,90,0,0,0,0,1,1,0,0,63,0,0,0
879,Thiago Alcántara ,6,ESP,RM,29-323,75,0,0,0,0,0,0,0,0,63,2,0,0
880,   James Milner ,7,ENG,RM,35-055,15,0,0,0,0,0,0,0,0,25,2,1,0
881,Andrew Robertson ,26,SCO,LB,26-354,90,0,0,0,0,2,1,0,0,91,1,0,1
882,Ozan Kabak ,19,TUR,CB,20-340,90,0,0,0,0,0,0,0,0,80,3,0,0
883,Nathaniel Phillips ,47,ENG,CB,23-344,90,0,0,0,0,1,0,0,0,82,1,0,3
884,Trent Alexander-Arnold ,66,ENG,RB,22-144,90,0,0,0,0,3,1,0,0,123,2,2,1
885,Adrián ,13,ESP,GK,34-056,90,0,0,0,0,0,0,0,0,41,0,0,0
886,Roberto Firmino ,9,BRA,FW,29-153,90,0,0,0,0,1,0,0,0,50,1,2,1
887,Sadio Mané ,10,SEN,"LW,RW",28-328,90,0,0,0,0,0,0,0,0,37,2,0,1
888,Mohamed Salah ,11,EGY,RW,28-262,61,0,0,0,0,1,0,0,0,50,2,0,1
889,   Alex Oxlade-Chamberlain ,15,ENG,LM,27-201,29,0,0,0,0,0,0,0,0,22,2,1,0
890,Curtis Jones ,17,ENG,LM,20-033,61,0,0,0,0,1,0,0,0,54,0,1,0
891,   Diogo Jota ,20,POR,LW,24-090,29,0,0,0,0,0,0,0,0,7,0,0,0
892,Georginio Wijnaldum ,5,NED,CM,30-113,90,0,0,0,0,1,1,0,0,67,1,1,1
893,Thiago Alcántara ,6,ESP,RM,29-327,79,0,0,0,0,0,0,0,0,81,2,0,1
894,   James Milner ,7,ENG,RM,35-059,11,0,0,0,0,0,0,0,0,16,0,1,0
895,Andrew Robertson ,26,SCO,LB,26-358,90,0,0,0,0,1,0,0,0,100,1,1,1
896,Ozan Kabak ,19,TUR,CB,20-344,90,0,0,0,0,0,0,0,0,87,1,2,1
897,Fabinho ,3,BRA,CB,27-132,90,0,0,0,0,1,0,0,0,82,1,2,1
898,Trent Alexander-Arnold ,66,ENG,RB,22-148,90,0,0,0,0,1,0,0,0,108,1,1,2
899,Alisson ,1,BRA,GK,28-153,90,0,0,0,0,0,0,0,0,49,0,0,0
900,Mohamed Salah ,11,EGY,FW,28-265,90,0,0,0,0,3,1,0,0,28,0,0,0
901,Diogo Jota ,20,POR,"LW,FW",24-093,90,0,0,0,0,1,1,1,0,44,1,0,0
902,Xherdan Shaqiri ,23,SUI,"RW,RM",29-148,90,0,0,0,0,3,0,0,0,81,0,1,2
903,Naby Keïta ,8,GUI,"LM,CM",26-025,90,0,0,0,0,2,1,1,0,85,1,1,2
904,Georginio Wijnaldum ,5,NED,CM,30-116,61,0,0,0,0,0,0,0,0,42,1,0,0
905,   Sadio Mané ,10,SEN,LM,28-331,29,0,0,0,0,3,0,0,0,18,1,0,0
906,James Milner ,7,ENG,"RM,CM",35-062,75,0,0,0,0,1,0,0,0,86,1,2,1
907,   Fabinho ,3,BRA,CM,27-135,15,0,0,0,0,0,0,0,0,25,2,1,0
908,Andrew Robertson ,26,SCO,LB,26-361,90,0,0,0,0,0,0,0,0,96,1,0,0
909,Rhys Williams ,46,ENG,CB,20-032,90,0,0,0,0,0,0,0,0,97,1,0,0
910,Nathaniel Phillips ,47,ENG,CB,23-351,90,0,0,0,0,2,0,0,0,115,0,2,2
911,Neco Williams ,76,WAL,RB,19-328,75,0,0,0,0,1,0,0,0,77,4,2,1
912,   Trent Alexander-Arnold ,66,ENG,RB,22-151,15,0,0,0,0,0,0,0,0,37,0,0,0
913,Alisson ,1,BRA,GK,28-156,90,0,0,0,0,0,0,0,0,34,0,0,0
914,Diogo Jota ,20,POR,FW,24-101,81,1,0,0,0,2,2,0,0,43,1,2,1
915,   Alex Oxlade-Chamberlain ,15,ENG,FW,27-212,9,0,0,0,0,1,0,0,0,9,1,0,0
916,Sadio Mané ,10,SEN,LW,28-339,90,0,1,0,0,5,1,0,0,48,1,2,1
917,Mohamed Salah ,11,EGY,RW,28-273,90,0,0,0,0,3,1,0,0,32,1,0,0
918,Georginio Wijnaldum ,5,NED,LM,30-124,66,0,0,0,0,0,0,0,0,38,0,1,0
919,   James Milner ,7,ENG,LM,35-070,24,0,0,0,0,0,0,0,0,15,1,0,1
920,Fabinho ,3,BRA,CM,27-143,90,0,0,0,0,0,0,0,0,54,1,3,2
921,Thiago Alcántara ,6,ESP,RM,29-338,66,0,0,0,0,0,0,1,0,58,2,1,4
922,   Naby Keïta ,8,GUI,RM,26-033,24,0,0,0,0,0,0,0,0,13,2,0,0
923,Andrew Robertson ,26,SCO,LB,27-004,90,0,0,0,0,0,0,0,0,76,1,0,0
924,Ozan Kabak ,19,TUR,CB,20-355,90,0,0,0,0,1,0,0,0,54,2,3,0
925,Nathaniel Phillips ,47,ENG,CB,23-359,90,0,0,0,0,0,0,0,0,57,0,2,3
926,Trent Alexander-Arnold ,66,ENG,RB,22-159,90,0,0,0,0,0,0,0,0,86,1,0,0
927,Alisson ,1,BRA,GK,28-164,90,0,0,0,0,0,0,0,0,39,0,0,0
928,Roberto Firmino ,9,BRA,"FW,AM",29-183,77,0,0,0,0,1,0,0,0,47,0,0,1
929,   Georginio Wijnaldum ,5,NED,RM,30-143,13,0,0,0,0,1,1,0,0,17,0,0,0
930,Sadio Mané ,10,SEN,LW,28-358,90,0,1,0,0,3,2,0,0,39,2,0,0
931,Mohamed Salah ,11,EGY,RW,28-292,90,1,0,0,0,5,2,0,0,53,0,0,0
932,James Milner ,7,ENG,"LM,LB",35-089,90,0,0,0,0,2,0,0,0,84,0,0,1
933,Fabinho ,3,BRA,"CM,DM",27-162,90,0,0,0,0,1,0,0,0,80,6,1,0
934,Thiago Alcántara ,6,ESP,"RM,DM,LM",29-357,90,0,0,0,0,0,0,0,0,95,2,0,0
935,Andrew Robertson ,26,SCO,LB,27-023,60,0,0,0,0,0,0,0,0,67,3,0,1
936,   Diogo Jota ,20,POR,FW,24-120,30,2,0,0,0,2,2,1,0,20,1,0,0
937,Ozan Kabak ,19,TUR,CB,21-009,83,0,0,0,0,0,0,0,0,81,0,0,0
938,   Rhys Williams ,46,ENG,CB,20-059,7,0,0,0,0,0,0,0,0,15,0,0,0
939,Nathaniel Phillips ,47,ENG,CB,24-013,90,0,0,0,0,0,0,0,0,101,2,2,1
940,Trent Alexander-Arnold ,66,ENG,RB,22-178,90,0,1,0,0,1,0,0,0,88,2,3,1
941,Alisson ,1,BRA,GK,28-183,90,0,0,0,0,0,0,0,0,43,0,0,0
942,Roberto Firmino ,9,BRA,FW,29-190,74,0,0,0,0,2,0,0,0,44,0,0,2
943,   Sadio Mané ,10,SEN,FW,29-000,16,0,0,0,0,1,1,0,0,12,0,0,0
944,Diogo Jota ,20,POR,LW,24-127,90,0,0,0,0,5,1,0,0,44,1,0,0
945,Mohamed Salah ,11,EGY,RW,28-299,90,1,0,0,0,7,2,0,0,56,0,0,0
946,James Milner ,7,ENG,LM,35-096,90,0,0,0,0,1,1,1,0,76,3,1,1
947,Fabinho ,3,BRA,"CM,CB",27-169,90,0,0,0,0,0,0,0,0,71,1,4,0
948,Georginio Wijnaldum ,5,NED,RM,30-150,69,0,0,0,0,1,0,0,0,39,1,0,0
949,   Thiago Alcántara ,6,ESP,"RM,CM",29-364,21,0,0,0,0,1,1,0,0,19,0,1,0
950,Andrew Robertson ,26,SCO,LB,27-030,90,0,0,0,0,1,1,1,0,73,2,0,1
951,Ozan Kabak ,19,TUR,CB,21-016,88,0,0,0,0,0,0,0,0,69,1,0,0
952,   Xherdan Shaqiri ,23,SUI,RM,29-182,2,0,0,0,0,0,0,0,0,4,0,0,0
953,Nathaniel Phillips ,47,ENG,CB,24-020,90,0,0,0,0,1,1,0,0,83,2,0,0
954,Trent Alexander-Arnold ,66,ENG,RB,22-185,90,1,0,0,0,3,2,0,0,100,3,1,0
955,Alisson ,1,BRA,GK,28-190,90,0,0,0,0,0,0,0,0,44,0,0,0
956,Roberto Firmino ,9,BRA,FW,29-199,90,0,0,0,0,3,2,1,0,38,3,0,2
957,Sadio Mané ,10,SEN,LW,29-009,70,1,0,0,0,1,1,0,0,29,2,0,0
958,   Mohamed Salah ,11,EGY,"FW,RW",28-308,20,0,0,0,0,2,0,0,0,12,0,0,0
959,Diogo Jota ,20,POR,"RW,LW",24-136,80,0,0,0,0,5,2,0,0,45,0,0,0
960,   Alex Oxlade-Chamberlain ,15,ENG,RM,27-247,10,0,0,0,0,1,1,0,0,8,0,0,0
961,James Milner ,7,ENG,LM,35-105,90,0,0,0,0,2,0,0,0,52,2,1,5
962,Georginio Wijnaldum ,5,NED,CM,30-159,90,0,0,0,0,2,0,0,0,24,1,1,0
963,Thiago Alcántara ,6,ESP,"RM,CM",30-008,90,0,0,0,0,1,1,0,0,54,2,1,5
964,Andrew Robertson ,26,SCO,LB,27-039,90,0,0,0,0,0,0,0,0,65,0,1,1
965,Ozan Kabak ,19,TUR,CB,21-025,90,0,0,0,0,0,0,0,0,51,2,2,0
966,Fabinho ,3,BRA,CB,27-178,90,0,0,0,0,0,0,0,0,41,1,1,0
967,Trent Alexander-Arnold ,66,ENG,RB,22-194,90,0,1,0,0,0,0,0,0,56,2,3,2
968,Alisson ,1,BRA,GK,28-199,90,0,0,0,0,0,0,0,0,35,0,0,0
969,Diogo Jota ,20,POR,FW,24-141,57,0,0,0,0,4,2,0,0,48,1,0,1
970,   James Milner ,7,ENG,LM,35-110,33,0,0,0,0,2,1,0,0,38,0,0,0
971,Roberto Firmino ,9,BRA,FW,29-204,90,0,0,0,0,3,3,0,0,73,2,0,3
972,Sadio Mané ,10,SEN,"LM,FW",29-014,90,0,0,0,0,6,1,0,0,62,0,0,2
973,Thiago Alcántara ,6,ESP,CM,30-013,76,0,0,0,0,0,0,0,0,110,6,0,0
974,   Curtis Jones ,17,ENG,CM,20-084,14,0,0,0,0,0,0,0,0,13,0,0,0
975,Georginio Wijnaldum ,5,NED,CM,30-164,90,0,0,0,0,0,0,0,0,99,0,3,0
976,Mohamed Salah ,11,EGY,RM,28-313,90,1,0,0,0,3,2,0,0,54,0,0,1
977,Andrew Robertson ,26,SCO,LB,27-044,90,0,0,0,0,1,0,0,0,120,5,1,1
978,Ozan Kabak ,19,TUR,CB,21-030,90,0,0,0,0,0,0,1,0,94,5,2,0
979,Fabinho ,3,BRA,CB,27-183,90,0,0,0,0,0,0,1,0,92,1,1,0
980,Trent Alexander-Arnold ,66,ENG,RB,22-199,90,0,0,0,0,3,0,0,0,106,0,1,0
981,Alisson ,1,BRA,GK,28-204,90,0,0,0,0,0,0,0,0,41,1,0,0
982,Diogo Jota ,20,POR,FW,24-155,78,0,0,0,0,3,2,0,0,45,1,2,0
983,   Roberto Firmino ,9,BRA,FW,29-218,12,0,1,0,0,0,0,0,0,5,0,0,0
984,Sadio Mané ,10,SEN,LW,29-028,89,1,0,0,0,2,1,0,0,52,2,0,2
985,   Curtis Jones ,17,ENG,LW,20-098,1,0,0,0,0,0,0,0,0,1,0,0,0
986,Mohamed Salah ,11,EGY,RW,28-327,86,0,1,0,0,4,2,0,0,41,1,1,0
987,   Alex Oxlade-Chamberlain ,15,ENG,RW,27-266,4,0,0,0,0,0,0,0,0,2,0,0,1
988,Georginio Wijnaldum ,5,NED,LM,30-178,90,0,0,0,0,1,0,0,0,48,0,0,0
989,Fabinho ,3,BRA,CM,27-197,90,0,0,0,0,0,0,0,0,80,4,2,3
990,Thiago Alcántara ,6,ESP,RM,30-027,90,1,0,0,0,2,1,0,0,88,2,0,6
991,Andrew Robertson ,26,SCO,LB,27-058,90,0,0,0,0,0,0,0,0,96,1,1,2
992,Rhys Williams ,46,ENG,CB,20-094,90,0,0,0,0,0,0,0,0,68,2,0,0
993,Nathaniel Phillips ,47,ENG,CB,24-048,90,0,0,0,0,2,0,0,0,71,0,1,0
994,Trent Alexander-Arnold ,66,ENG,RB,22-213,90,0,0,0,0,0,0,0,0,84,1,1,1
995,Alisson ,1,BRA,GK,28-218,90,0,0,0,0,0,0,0,0,45,1,0,0
996,Roberto Firmino ,9,BRA,FW,29-223,90,2,0,0,0,3,2,0,0,48,0,1,3
997,Diogo Jota ,20,POR,LW,24-160,73,1,0,0,0,4,3,0,0,44,3,1,3
998,   Sadio Mané ,10,SEN,LW,29-033,17,0,0,0,0,0,0,0,0,4,0,0,0
999,Mohamed Salah ,11,EGY,RW,28-332,89,1,0,0,0,4,1,0,0,36,0,0,0
1000,   Neco Williams ,76,WAL,RW,20-030,1,0,0,0,0,0,0,0,0,1,0,0,0
1001,Georginio Wijnaldum ,5,NED,LM,30-183,73,0,0,0,0,0,0,0,0,45,0,0,1
1002,   Curtis Jones ,17,ENG,LM,20-103,17,0,1,0,0,0,0,0,0,11,1,1,0
1003,Fabinho ,3,BRA,CM,27-202,90,0,0,0,0,0,0,0,0,58,2,2,2
1004,Thiago Alcántara ,6,ESP,RM,30-032,90,0,0,0,0,0,0,0,0,61,3,3,1
1005,Andrew Robertson ,26,SCO,LB,27-063,90,0,0,0,0,0,0,0,0,68,3,0,2
1006,Rhys Williams ,46,ENG,CB,20-099,90,0,0,0,0,1,0,0,0,52,1,1,2
1007,Nathaniel Phillips ,47,ENG,CB,24-053,90,0,1,0,0,1,0,0,0,72,2,0,3
1008,Trent Alexander-Arnold ,66,ENG,RB,22-218,90,0,1,0,0,4,2,0,0,85,1,3,1
1009,Alisson ,1,BRA,GK,28-223,90,0,0,0,0,0,0,0,0,40,0,0,0
1010,Roberto Firmino ,9,BRA,FW,29-226,90,0,0,0,0,3,0,0,0,78,0,0,1
1011,Sadio Mané ,10,SEN,LW,29-036,90,0,1,0,0,2,0,0,0,58,1,1,1
1012,Mohamed Salah ,11,EGY,RW,28-335,90,1,0,0,0,4,3,0,0,43,0,0,0
1013,Curtis Jones ,17,ENG,LM,20-106,58,0,0,0,0,0,0,0,0,62,0,0,0
1014,   Xherdan Shaqiri ,23,SUI,"LM,RM",29-218,32,0,0,0,0,0,0,0,0,37,0,0,1
1015,Fabinho ,3,BRA,"CM,CB",27-205,90,0,0,0,0,3,1,0,0,77,0,0,0
1016,Thiago Alcántara ,6,ESP,"RM,CM",30-035,90,0,0,0,0,4,1,0,0,116,4,0,0
1017,Andrew Robertson ,26,SCO,LB,27-066,90,0,0,0,0,0,0,0,0,111,0,0,0
1018,Rhys Williams ,46,ENG,CB,20-102,83,0,0,0,0,1,0,0,0,59,0,2,0
1019,   Georginio Wijnaldum ,5,NED,LM,30-186,7,0,0,0,0,2,0,0,0,9,0,0,0
1020,Nathaniel Phillips ,47,ENG,CB,24-056,90,0,0,0,0,2,0,0,0,76,2,3,0
1021,Trent Alexander-Arnold ,66,ENG,RB,22-221,90,0,1,0,0,4,0,0,0,100,1,0,1
1022,Alisson ,1,BRA,GK,28-226,90,1,0,0,0,1,1,0,0,36,0,0,0
1023,Roberto Firmino ,9,BRA,FW,29-229,80,1,0,0,0,2,1,0,0,60,0,0,0
1024,   Alex Oxlade-Chamberlain ,15,ENG,FW,27-277,10,1,0,0,0,1,1,0,0,2,0,0,0
1025,Sadio Mané ,10,SEN,LW,29-039,89,0,1,0,0,3,0,0,0,46,2,1,0
1026,   Kostas Tsimikas ,21,GRE,LW,25-007,1,0,0,0,0,0,0,0,0,0,0,0,0
1027,Mohamed Salah ,11,EGY,RW,28-338,90,0,0,0,0,4,0,0,0,43,0,0,0
1028,Georginio Wijnaldum ,5,NED,LM,30-189,86,0,0,0,0,0,0,0,0,61,1,0,1
1029,   James Milner ,7,ENG,LM,35-135,4,0,0,0,0,0,0,0,0,3,0,0,0
1030,Fabinho ,3,BRA,CM,27-208,90,0,0,0,0,1,0,0,0,69,1,0,1
1031,Thiago Alcántara ,6,ESP,RM,30-038,90,0,0,0,0,2,0,0,0,102,2,1,0
1032,Andrew Robertson ,26,SCO,LB,27-069,90,0,2,0,0,1,0,0,0,90,1,0,0
1033,Rhys Williams ,46,ENG,CB,20-105,90,0,0,0,0,0,0,0,0,73,2,0,2
1034,Nathaniel Phillips ,47,ENG,CB,24-059,90,1,0,0,0,3,1,0,0,66,3,0,2
1035,Trent Alexander-Arnold ,66,ENG,RB,22-224,90,0,0,0,0,3,0,0,0,81,3,4,1
1036,Alisson ,1,BRA,GK,28-229,90,0,0,0,0,0,0,0,0,41,0,0,0
1037,Roberto Firmino ,9,BRA,FW,29-233,89,0,1,0,0,2,1,0,0,52,1,0,1
1038,   Diogo Jota ,20,POR,FW,24-170,1,0,0,0,0,0,0,0,0,3,0,0,0
1039,Sadio Mané ,10,SEN,LW,29-043,90,2,0,0,0,3,2,0,0,66,2,1,2
1040,Mohamed Salah ,11,EGY,RW,28-342,90,0,1,0,0,6,2,0,0,51,0,0,2
1041,Georginio Wijnaldum ,5,NED,LM,30-193,77,0,0,0,0,1,0,0,0,40,0,1,1
1042,   James Milner ,7,ENG,"LM,LB",35-139,13,0,0,0,0,0,0,1,0,13,2,1,0
1043,Fabinho ,3,BRA,CM,27-212,90,0,0,0,0,0,0,0,0,75,0,1,1
1044,Thiago Alcántara ,6,ESP,RM,30-042,90,0,0,0,0,0,0,0,0,89,5,3,1
1045,Andrew Robertson ,26,SCO,LB,27-073,89,0,0,0,0,1,0,0,0,79,3,1,0
1046,   Alex Oxlade-Chamberlain ,15,ENG,"LM,LB",27-281,1,0,0,0,0,0,0,0,0,0,0,0,0
1047,Rhys Williams ,46,ENG,CB,20-109,90,0,0,0,0,4,0,0,0,80,0,0,0
1048,Nathaniel Phillips ,47,ENG,CB,24-063,90,0,0,0,0,1,0,0,0,77,1,1,0
1049,Trent Alexander-Arnold ,66,ENG,RB,22-228,90,0,0,0,0,1,0,1,0,92,1,1,2
1050,Alisson ,1,BRA,GK,28-233,90,0,0,0,0,0,0,0,0,27,0,0,0
