,date,home,away,possessionhome,possessionaway,passeshome,passesaway,saveshome,savesaway,crosseshome,crossesaway,toucheshome,touchesaway,tackleshome,tacklesaway,interceptionhome,interceptionaway,aerialshome,aerialsaway,clearnacehome,clearnaceaway
0,2017-08-11,Arsenal,Leicester City,68%,32%,565 of 681 — 83%,61% — 192 of 315,0 of 3 — 0%,0 of 3 — 0%,20,18,801,427,23,17,13,11,18,17,33,29
1,2017-08-12,Watford,Liverpool,46%,54%,307 of 448 — 69%,73% — 386 of 527,2 of 4 — 50%,2 of 4 — 50%,16,14,566,639,19,20,11,11,22,25,28,25
2,2017-08-12,Crystal Palace,Huddersfield Town,56%,45%,333 of 444 — 75%,65% — 230 of 356,4 of 6 — 66%,4 of 6 — 66%,27,14,561,460,24,28,19,9,18,16,20,32
3,2017-08-12,West Bromwich Albion,Bournemouth,31%,69%,181 of 291 — 62%,84% — 550 of 657,2 of 2 — 100%,2 of 2 — 100%,16,24,395,736,19,16,14,5,12,16,30,20
4,2017-08-12,Chelsea,Burnley,62%,38%,468 of 568 — 82%,74% — 257 of 348,2 of 5 — 40%,2 of 5 — 40%,26,16,667,453,10,8,9,13,15,21,23,44
5,2017-08-12,Everton,Stoke City,60%,40%,425 of 545 — 78%,65% — 233 of 356,1 of 1 — 100%,1 of 1 — 100%,18,27,670,473,17,18,19,24,19,23,43,26
6,2017-08-12,Southampton,Swansea City,60%,40%,468 of 580 — 81%,77% — 301 of 392,0 of 0 — %,0 of 0 — %,35,8,672,497,12,11,12,8,17,17,11,41
7,2017-08-12,Brighton & Hove Albion,Manchester City,23%,77%,146 of 248 — 59%,88% — 718 of 820,3 of 4 — 75%,3 of 4 — 75%,8,27,343,897,10,10,12,9,13,13,43,8
8,2017-08-13,Newcastle United,Tottenham Hotspur,28%,72%,186 of 296 — 63%,88% — 663 of 756,4 of 6 — 66%,4 of 6 — 66%,19,19,403,865,12,16,8,5,14,15,33,26
9,2017-08-13,Manchester United,West Ham United,55%,45%,442 of 538 — 82%,76% — 331 of 433,1 of 1 — 100%,1 of 1 — 100%,20,14,648,541,14,21,11,12,21,13,21,27
10,2017-08-19,Swansea City,Manchester United,42%,58%,343 of 458 — 75%,85% — 542 of 637,4 of 8 — 50%,4 of 8 — 50%,22,20,556,759,21,16,10,17,19,11,29,32
11,2017-08-19,Bournemouth,Watford,55%,45%,366 of 483 — 76%,74% — 295 of 398,5 of 7 — 71%,5 of 7 — 71%,15,20,577,523,11,20,8,18,15,16,34,27
12,2017-08-19,Southampton,West Ham United,66%,34%,505 of 613 — 82%,67% — 213 of 318,6 of 8 — 75%,6 of 8 — 75%,26,18,694,419,10,12,8,12,16,25,21,37
13,2017-08-19,Leicester City,Brighton & Hove Albion,45%,55%,355 of 470 — 76%,81% — 463 of 573,2 of 2 — 100%,2 of 2 — 100%,19,17,562,660,11,11,6,9,17,16,19,22
14,2017-08-19,Burnley,West Bromwich Albion,66%,34%,406 of 533 — 76%,54% — 147 of 274,0 of 1 — 0%,0 of 1 — 0%,33,13,632,374,9,9,7,8,23,18,35,39
15,2017-08-19,Liverpool,Crystal Palace,71%,29%,636 of 763 — 83%,65% — 198 of 305,1 of 1 — 100%,1 of 1 — 100%,22,6,858,430,24,21,6,29,17,13,11,28
16,2017-08-19,Stoke City,Arsenal,24%,76%,151 of 243 — 62%,86% — 674 of 785,6 of 6 — 100%,6 of 6 — 100%,10,24,356,861,19,15,8,7,17,9,37,8
17,2017-08-20,Huddersfield Town,Newcastle United,52%,48%,375 of 505 — 74%,70% — 325 of 463,5 of 5 — 100%,5 of 5 — 100%,20,14,638,562,24,18,18,7,23,11,31,28
18,2017-08-20,Tottenham Hotspur,Chelsea,68%,32%,536 of 659 — 81%,69% — 213 of 310,0 of 2 — 0%,0 of 2 — 0%,37,15,758,450,14,31,4,10,9,14,15,44
19,2017-08-21,Manchester City,Everton,64%,36%,494 of 618 — 80%,65% — 224 of 346,1 of 2 — 50%,1 of 2 — 50%,24,9,705,457,12,19,10,16,22,12,7,32
20,2017-08-26,Bournemouth,Manchester City,30%,70%,168 of 289 — 58%,84% — 569 of 675,6 of 8 — 75%,6 of 8 — 75%,9,27,409,804,20,13,12,12,13,23,35,36
21,2017-08-26,Huddersfield Town,Southampton,45%,55%,302 of 443 — 68%,75% — 412 of 546,2 of 2 — 100%,2 of 2 — 100%,32,8,548,659,17,16,11,10,24,17,22,34
22,2017-08-26,Watford,Brighton & Hove Albion,43%,57%,275 of 375 — 73%,79% — 391 of 494,2 of 2 — 100%,2 of 2 — 100%,11,31,470,589,10,12,8,7,19,20,34,23
23,2017-08-26,Crystal Palace,Swansea City,53%,47%,455 of 560 — 81%,79% — 390 of 494,1 of 3 — 33%,1 of 3 — 33%,22,5,641,584,16,20,14,5,21,18,9,32
24,2017-08-26,Newcastle United,West Ham United,37%,63%,195 of 316 — 62%,75% — 394 of 528,3 of 3 — 100%,3 of 3 — 100%,21,15,422,628,14,17,15,7,24,16,22,24
25,2017-08-26,Manchester United,Leicester City,69%,31%,604 of 724 — 83%,67% — 223 of 331,4 of 4 — 100%,4 of 4 — 100%,38,10,818,459,9,22,8,13,22,23,19,47
26,2017-08-27,Chelsea,Everton,57%,43%,526 of 632 — 83%,79% — 380 of 482,0 of 0 — %,0 of 0 — %,18,16,728,584,14,17,7,16,15,10,25,28
27,2017-08-27,West Bromwich Albion,Stoke City,43%,57%,267 of 372 — 72%,84% — 406 of 485,1 of 2 — 50%,1 of 2 — 50%,34,22,461,616,17,20,3,7,12,28,25,45
28,2017-08-27,Tottenham Hotspur,Burnley,66%,34%,534 of 638 — 84%,69% — 222 of 322,2 of 3 — 66%,2 of 3 — 66%,26,20,735,453,9,16,6,15,14,27,21,42
29,2017-08-27,Liverpool,Arsenal,48%,52%,433 of 544 — 80%,80% — 465 of 578,0 of 0 — %,0 of 0 — %,16,7,643,684,19,13,12,15,11,14,18,23
30,2017-09-09,Manchester City,Liverpool,66%,34%,689 of 781 — 88%,77% — 312 of 407,3 of 3 — 100%,3 of 3 — 100%,19,9,868,500,14,15,12,18,9,4,15,22
31,2017-09-09,Everton,Tottenham Hotspur,51%,49%,401 of 519 — 77%,78% — 395 of 507,3 of 6 — 50%,3 of 6 — 50%,26,17,629,620,17,13,15,11,12,15,23,34
32,2017-09-09,Arsenal,Bournemouth,58%,42%,494 of 627 — 79%,71% — 321 of 453,2 of 2 — 100%,2 of 2 — 100%,12,20,729,551,16,11,18,19,18,18,22,20
33,2017-09-09,Leicester City,Chelsea,41%,59%,288 of 397 — 73%,81% — 462 of 570,4 of 6 — 66%,4 of 6 — 66%,21,21,500,684,18,20,12,12,12,7,26,22
34,2017-09-09,Brighton & Hove Albion,West Bromwich Albion,48%,52%,386 of 487 — 79%,78% — 408 of 526,2 of 3 — 66%,2 of 3 — 66%,13,35,606,622,17,8,17,10,14,23,45,28
35,2017-09-09,Southampton,Watford,53%,47%,338 of 482 — 70%,69% — 298 of 429,1 of 3 — 33%,1 of 3 — 33%,22,9,599,557,19,19,12,19,19,23,23,34
36,2017-09-09,Stoke City,Manchester United,37%,63%,271 of 363 — 75%,84% — 525 of 628,6 of 8 — 75%,6 of 8 — 75%,14,30,467,701,19,9,7,8,13,16,31,16
37,2017-09-10,Burnley,Crystal Palace,36%,64%,175 of 299 — 59%,73% — 382 of 523,3 of 3 — 100%,3 of 3 — 100%,12,37,435,632,18,12,6,12,23,17,55,20
38,2017-09-10,Swansea City,Newcastle United,62%,38%,462 of 587 — 79%,71% — 258 of 363,7 of 8 — 87%,7 of 8 — 87%,31,19,683,497,14,21,7,11,21,16,30,36
39,2017-09-11,West Ham United,Huddersfield Town,44%,56%,250 of 373 — 67%,75% — 354 of 471,2 of 2 — 100%,2 of 2 — 100%,32,19,490,599,21,19,10,2,34,26,28,48
40,2017-09-15,Bournemouth,Brighton & Hove Albion,62%,38%,594 of 688 — 86%,72% — 308 of 427,0 of 1 — 0%,0 of 1 — 0%,18,13,795,522,12,19,9,13,21,17,16,26
41,2017-09-16,Crystal Palace,Southampton,46%,54%,331 of 454 — 73%,79% — 424 of 540,3 of 4 — 75%,3 of 4 — 75%,22,16,559,667,15,15,7,10,19,20,25,42
42,2017-09-16,Newcastle United,Stoke City,42%,58%,228 of 335 — 68%,75% — 352 of 471,3 of 4 — 75%,3 of 4 — 75%,18,14,462,579,25,15,10,9,22,21,38,27
43,2017-09-16,Huddersfield Town,Leicester City,59%,41%,423 of 563 — 75%,71% — 278 of 391,0 of 0 — %,0 of 0 — %,38,9,681,523,16,8,10,9,24,27,31,43
44,2017-09-16,Liverpool,Burnley,71%,29%,624 of 748 — 83%,64% — 196 of 304,2 of 3 — 66%,2 of 3 — 66%,34,7,841,424,6,11,6,7,8,14,10,43
45,2017-09-16,West Bromwich Albion,West Ham United,37%,63%,231 of 325 — 71%,81% — 445 of 548,1 of 1 — 100%,1 of 1 — 100%,15,33,410,621,7,11,9,7,6,15,33,16
46,2017-09-16,Watford,Manchester City,33%,67%,252 of 343 — 73%,88% — 602 of 684,4 of 9 — 44%,4 of 9 — 44%,10,26,448,808,7,19,22,10,11,14,24,24
47,2017-09-16,Tottenham Hotspur,Swansea City,75%,25%,713 of 833 — 86%,64% — 176 of 277,0 of 0 — %,0 of 0 — %,42,9,924,401,14,17,4,8,16,13,11,52
48,2017-09-17,Chelsea,Arsenal,51%,49%,444 of 580 — 77%,78% — 433 of 552,2 of 2 — 100%,2 of 2 — 100%,16,8,684,674,13,19,13,19,17,20,21,28
49,2017-09-17,Manchester United,Everton,49%,51%,421 of 525 — 80%,80% — 436 of 543,3 of 3 — 100%,3 of 3 — 100%,28,7,621,645,14,22,15,15,14,8,13,32
50,2017-09-23,West Ham United,Tottenham Hotspur,49%,51%,291 of 429 — 68%,72% — 323 of 447,2 of 5 — 40%,2 of 5 — 40%,26,16,557,584,19,19,18,9,15,22,25,42
51,2017-09-23,Southampton,Manchester United,60%,40%,486 of 605 — 80%,77% — 305 of 398,3 of 4 — 75%,3 of 4 — 75%,31,9,695,533,18,16,11,12,6,17,12,45
52,2017-09-23,Stoke City,Chelsea,45%,55%,354 of 468 — 76%,84% — 487 of 578,0 of 4 — 0%,0 of 4 — 0%,27,5,555,702,18,26,13,11,7,11,9,35
53,2017-09-23,Manchester City,Crystal Palace,71%,29%,692 of 777 — 89%,72% — 227 of 317,0 of 0 — %,0 of 0 — %,24,11,879,421,6,16,11,15,9,10,9,34
54,2017-09-23,Burnley,Huddersfield Town,52%,48%,367 of 510 — 72%,74% — 348 of 472,2 of 2 — 100%,2 of 2 — 100%,12,18,600,593,15,25,13,17,25,21,25,35
55,2017-09-23,Swansea City,Watford,51%,49%,356 of 490 — 73%,76% — 364 of 476,2 of 4 — 50%,2 of 4 — 50%,33,12,587,600,21,17,10,12,23,28,17,42
56,2017-09-23,Everton,Bournemouth,51%,49%,365 of 480 — 76%,74% — 342 of 462,3 of 4 — 75%,3 of 4 — 75%,24,21,593,563,19,13,21,5,13,14,26,23
57,2017-09-23,Leicester City,Liverpool,45%,55%,274 of 433 — 63%,71% — 379 of 534,3 of 6 — 50%,3 of 6 — 50%,26,17,551,644,15,14,9,8,23,29,29,35
58,2017-09-24,Brighton & Hove Albion,Newcastle United,49%,51%,365 of 487 — 75%,78% — 397 of 511,5 of 5 — 100%,5 of 5 — 100%,21,20,593,621,16,14,11,12,32,20,44,33
59,2017-09-25,Arsenal,West Bromwich Albion,69%,31%,565 of 660 — 86%,67% — 203 of 303,2 of 2 — 100%,2 of 2 — 100%,18,13,771,407,15,16,12,20,24,21,25,25
60,2017-09-30,Huddersfield Town,Tottenham Hotspur,41%,59%,299 of 429 — 70%,80% — 488 of 611,3 of 7 — 42%,3 of 7 — 42%,23,16,556,728,25,16,21,7,11,14,28,35
61,2017-09-30,Stoke City,Southampton,30%,70%,189 of 295 — 64%,84% — 564 of 675,2 of 3 — 66%,2 of 3 — 66%,10,27,429,794,14,14,12,14,29,21,44,19
62,2017-09-30,West Ham United,Swansea City,44%,56%,322 of 433 — 74%,78% — 437 of 558,1 of 1 — 100%,1 of 1 — 100%,26,21,558,649,22,14,17,12,24,17,26,21
63,2017-09-30,Manchester United,Crystal Palace,59%,41%,505 of 611 — 83%,76% — 320 of 421,1 of 1 — 100%,1 of 1 — 100%,19,21,713,536,17,20,11,14,16,8,20,18
64,2017-09-30,Bournemouth,Leicester City,61%,39%,460 of 595 — 77%,62% — 239 of 387,1 of 1 — 100%,1 of 1 — 100%,27,15,711,500,12,19,4,13,24,26,31,42
65,2017-09-30,West Bromwich Albion,Watford,35%,65%,216 of 326 — 66%,80% — 489 of 609,1 of 3 — 33%,1 of 3 — 33%,18,27,452,713,25,21,10,5,31,26,46,22
66,2017-09-30,Chelsea,Manchester City,39%,61%,345 of 450 — 77%,87% — 605 of 696,4 of 5 — 80%,4 of 5 — 80%,14,20,548,798,19,19,9,11,7,17,23,21
67,2017-10-01,Arsenal,Brighton & Hove Albion,64%,36%,636 of 734 — 87%,73% — 299 of 410,1 of 1 — 100%,1 of 1 — 100%,12,18,831,507,15,10,11,19,30,13,20,24
68,2017-10-01,Everton,Burnley,63%,37%,421 of 554 — 76%,59% — 195 of 332,1 of 2 — 50%,1 of 2 — 50%,34,17,671,480,8,18,4,13,32,34,44,63
69,2017-10-01,Newcastle United,Liverpool,33%,67%,215 of 331 — 65%,82% — 553 of 676,1 of 2 — 50%,1 of 2 — 50%,10,27,442,762,14,16,13,13,16,20,39,15
70,2017-10-14,Liverpool,Manchester United,62%,38%,533 of 645 — 83%,73% — 287 of 394,1 of 1 — 100%,1 of 1 — 100%,26,14,746,514,17,21,7,12,11,11,29,31
71,2017-10-14,Tottenham Hotspur,Bournemouth,72%,28%,653 of 757 — 86%,66% — 190 of 289,1 of 1 — 100%,1 of 1 — 100%,32,11,858,389,19,11,7,7,18,16,20,33
72,2017-10-14,Burnley,West Ham United,62%,38%,394 of 509 — 77%,64% — 203 of 315,5 of 6 — 83%,5 of 6 — 83%,22,10,598,427,12,9,6,13,28,24,15,32
73,2017-10-14,Crystal Palace,Chelsea,43%,57%,334 of 466 — 72%,80% — 486 of 610,4 of 5 — 80%,4 of 5 — 80%,11,21,613,754,23,23,15,11,5,24,27,38
74,2017-10-14,Swansea City,Huddersfield Town,41%,59%,305 of 403 — 76%,83% — 481 of 582,2 of 2 — 100%,2 of 2 — 100%,17,20,498,673,15,16,13,8,19,13,18,18
75,2017-10-14,Manchester City,Stoke City,79%,21%,840 of 931 — 90%,66% — 167 of 252,0 of 1 — 0%,0 of 1 — 0%,14,2,1002,335,12,12,10,11,18,7,6,19
76,2017-10-14,Watford,Arsenal,46%,54%,390 of 509 — 77%,79% — 464 of 586,5 of 6 — 83%,5 of 6 — 83%,19,13,614,697,15,18,16,9,22,29,25,37
77,2017-10-15,Brighton & Hove Albion,Everton,47%,53%,307 of 439 — 70%,77% — 380 of 494,5 of 5 — 100%,5 of 5 — 100%,27,14,560,618,18,20,16,8,25,24,30,31
78,2017-10-15,Southampton,Newcastle United,62%,38%,523 of 631 — 83%,71% — 279 of 394,2 of 4 — 50%,2 of 4 — 50%,21,26,735,511,11,14,11,6,27,18,36,40
79,2017-10-16,Leicester City,West Bromwich Albion,57%,43%,398 of 554 — 72%,68% — 288 of 423,0 of 1 — 0%,0 of 1 — 0%,29,13,650,537,21,15,6,19,19,20,20,31
80,2017-10-20,West Ham United,Brighton & Hove Albion,65%,35%,540 of 674 — 80%,72% — 263 of 366,2 of 4 — 50%,2 of 4 — 50%,39,10,756,500,15,10,7,14,14,21,5,47
81,2017-10-21,Chelsea,Watford,52%,48%,394 of 501 — 79%,75% — 348 of 463,3 of 5 — 60%,3 of 5 — 60%,19,22,618,572,22,17,13,17,22,16,30,13
82,2017-10-21,Manchester City,Burnley,77%,23%,753 of 848 — 89%,65% — 167 of 258,0 of 0 — %,0 of 0 — %,17,12,928,345,9,14,5,25,12,6,18,23
83,2017-10-21,Huddersfield Town,Manchester United,23%,77%,129 of 235 — 55%,84% — 679 of 806,2 of 3 — 66%,2 of 3 — 66%,9,30,383,904,27,13,13,10,14,15,52,17
84,2017-10-21,Swansea City,Leicester City,56%,44%,421 of 535 — 79%,70% — 297 of 425,5 of 6 — 83%,5 of 6 — 83%,35,17,651,541,17,23,4,13,18,20,22,32
85,2017-10-21,Stoke City,Bournemouth,53%,47%,319 of 476 — 67%,70% — 299 of 427,1 of 2 — 50%,1 of 2 — 50%,33,9,556,552,11,18,9,8,23,19,10,43
86,2017-10-21,Newcastle United,Crystal Palace,54%,46%,383 of 495 — 77%,71% — 294 of 415,0 of 0 — %,0 of 0 — %,17,18,617,519,16,16,6,11,23,27,35,30
87,2017-10-21,Southampton,West Bromwich Albion,65%,35%,517 of 641 — 81%,65% — 221 of 342,2 of 2 — 100%,2 of 2 — 100%,29,17,752,452,21,10,8,12,20,19,31,33
88,2017-10-22,Everton,Arsenal,33%,67%,220 of 322 — 68%,82% — 549 of 666,9 of 14 — 64%,9 of 14 — 64%,13,15,444,771,8,12,10,8,17,13,30,23
89,2017-10-22,Tottenham Hotspur,Liverpool,37%,63%,300 of 401 — 75%,83% — 581 of 696,6 of 7 — 85%,6 of 7 — 85%,11,28,521,797,22,26,9,2,10,8,29,14
90,2017-10-28,Manchester United,Tottenham Hotspur,45%,55%,311 of 459 — 68%,74% — 415 of 558,4 of 4 — 100%,4 of 4 — 100%,24,17,593,681,9,11,15,14,16,12,32,38
91,2017-10-28,Arsenal,Swansea City,72%,28%,735 of 856 — 86%,71% — 232 of 327,1 of 2 — 50%,1 of 2 — 50%,18,7,937,435,16,14,7,18,17,8,14,40
92,2017-10-28,Crystal Palace,West Ham United,55%,45%,342 of 465 — 74%,69% — 259 of 375,0 of 2 — 0%,0 of 2 — 0%,30,17,571,506,21,23,11,14,19,19,20,39
93,2017-10-28,Watford,Stoke City,69%,31%,489 of 626 — 78%,61% — 170 of 280,1 of 2 — 50%,1 of 2 — 50%,30,3,715,435,11,18,5,8,21,30,15,60
94,2017-10-28,Liverpool,Huddersfield Town,72%,28%,693 of 818 — 85%,62% — 196 of 316,0 of 0 — %,0 of 0 — %,22,6,903,419,14,13,7,24,14,9,15,28
95,2017-10-28,West Bromwich Albion,Manchester City,23%,77%,168 of 284 — 59%,90% — 861 of 959,2 of 5 — 40%,2 of 5 — 40%,6,10,375,1068,21,16,17,10,11,17,18,21
96,2017-10-28,Bournemouth,Chelsea,42%,58%,407 of 508 — 80%,85% — 593 of 698,4 of 5 — 80%,4 of 5 — 80%,15,19,605,801,7,16,16,13,11,15,22,15
97,2017-10-29,Brighton & Hove Albion,Southampton,52%,48%,421 of 537 — 78%,77% — 387 of 500,0 of 1 — 0%,0 of 1 — 0%,21,21,618,584,18,16,7,7,16,9,22,20
98,2017-10-29,Leicester City,Everton,41%,59%,236 of 362 — 65%,76% — 405 of 530,2 of 2 — 100%,2 of 2 — 100%,12,27,496,639,14,19,14,9,20,22,31,25
99,2017-10-30,Burnley,Newcastle United,47%,53%,367 of 506 — 73%,77% — 432 of 563,5 of 5 — 100%,5 of 5 — 100%,26,16,617,668,14,10,11,12,24,28,30,30
100,2017-11-04,Stoke City,Leicester City,47%,53%,308 of 429 — 72%,76% — 362 of 478,2 of 4 — 50%,2 of 4 — 50%,20,21,521,580,15,14,12,4,27,26,21,26
101,2017-11-04,Southampton,Burnley,62%,38%,497 of 633 — 79%,69% — 269 of 391,0 of 1 — 0%,0 of 1 — 0%,26,11,720,491,15,11,4,11,15,23,20,36
102,2017-11-04,Swansea City,Brighton & Hove Albion,56%,44%,404 of 523 — 77%,68% — 279 of 410,1 of 2 — 50%,1 of 2 — 50%,31,20,612,503,12,17,10,10,27,21,20,38
103,2017-11-04,Huddersfield Town,West Bromwich Albion,50%,50%,364 of 468 — 78%,76% — 362 of 474,3 of 3 — 100%,3 of 3 — 100%,16,21,586,562,20,13,17,11,18,17,34,22
104,2017-11-04,Newcastle United,Bournemouth,48%,52%,298 of 422 — 71%,73% — 340 of 464,4 of 5 — 80%,4 of 5 — 80%,26,25,525,559,19,10,12,10,30,36,33,27
105,2017-11-04,West Ham United,Liverpool,48%,52%,362 of 486 — 74%,77% — 401 of 523,3 of 7 — 42%,3 of 7 — 42%,12,5,583,623,10,20,6,7,16,13,14,23
106,2017-11-05,Tottenham Hotspur,Crystal Palace,68%,32%,521 of 646 — 81%,65% — 200 of 310,3 of 3 — 100%,3 of 3 — 100%,30,16,762,436,20,19,13,16,16,14,32,44
107,2017-11-05,Manchester City,Arsenal,57%,43%,567 of 662 — 86%,81% — 399 of 492,2 of 3 — 66%,2 of 3 — 66%,13,8,759,573,18,16,14,15,5,4,24,14
108,2017-11-05,Everton,Watford,38%,62%,215 of 332 — 65%,74% — 399 of 539,1 of 3 — 33%,1 of 3 — 33%,11,25,467,644,20,14,20,6,24,34,40,24
109,2017-11-05,Chelsea,Manchester United,54%,46%,395 of 520 — 76%,74% — 334 of 449,2 of 2 — 100%,2 of 2 — 100%,19,21,620,556,14,13,17,14,15,19,18,23
110,2017-11-18,Arsenal,Tottenham Hotspur,43%,57%,304 of 447 — 68%,78% — 472 of 604,4 of 4 — 100%,4 of 4 — 100%,16,20,581,721,18,12,16,17,16,19,39,23
111,2017-11-18,West Bromwich Albion,Chelsea,39%,61%,326 of 421 — 77%,85% — 553 of 651,3 of 7 — 42%,3 of 7 — 42%,21,17,521,743,18,14,13,10,19,13,22,21
112,2017-11-18,Bournemouth,Huddersfield Town,31%,69%,165 of 275 — 60%,78% — 476 of 611,3 of 3 — 100%,3 of 3 — 100%,10,46,397,702,12,19,8,10,20,12,55,9
113,2017-11-18,Liverpool,Southampton,61%,39%,505 of 616 — 82%,71% — 282 of 397,0 of 0 — %,0 of 0 — %,20,12,720,521,11,26,6,12,10,17,21,36
114,2017-11-18,Burnley,Swansea City,39%,61%,224 of 345 — 65%,78% — 416 of 531,1 of 1 — 100%,1 of 1 — 100%,27,26,447,637,23,10,8,8,21,22,18,35
115,2017-11-18,Crystal Palace,Everton,69%,31%,485 of 609 — 80%,62% — 174 of 279,3 of 4 — 75%,3 of 4 — 75%,29,12,714,434,12,34,13,20,16,17,16,49
116,2017-11-18,Leicester City,Manchester City,27%,73%,199 of 300 — 66%,88% — 724 of 820,2 of 4 — 50%,2 of 4 — 50%,4,14,392,912,11,13,12,9,11,13,25,17
117,2017-11-18,Manchester United,Newcastle United,65%,35%,577 of 687 — 84%,75% — 279 of 373,4 of 5 — 80%,4 of 5 — 80%,37,12,776,490,15,18,5,9,14,13,21,39
118,2017-11-19,Watford,West Ham United,58%,42%,532 of 649 — 82%,75% — 359 of 478,5 of 5 — 100%,5 of 5 — 100%,21,16,753,583,13,6,9,22,22,23,23,27
119,2017-11-20,Brighton & Hove Albion,Stoke City,53%,47%,393 of 513 — 77%,77% — 343 of 448,4 of 6 — 66%,4 of 6 — 66%,23,23,603,544,14,10,15,14,9,22,21,32
120,2017-11-24,West Ham United,Leicester City,50%,50%,325 of 441 — 74%,74% — 331 of 448,1 of 2 — 50%,1 of 2 — 50%,31,18,548,569,19,24,4,9,26,23,16,41
121,2017-11-25,Tottenham Hotspur,West Bromwich Albion,72%,28%,634 of 756 — 84%,68% — 203 of 300,1 of 2 — 50%,1 of 2 — 50%,35,9,844,432,15,20,5,13,21,26,10,46
122,2017-11-25,Manchester United,Brighton & Hove Albion,58%,42%,504 of 619 — 81%,75% — 333 of 444,2 of 2 — 100%,2 of 2 — 100%,27,17,705,569,10,18,14,14,14,14,15,35
123,2017-11-25,Swansea City,Bournemouth,49%,51%,369 of 492 — 75%,80% — 415 of 522,5 of 5 — 100%,5 of 5 — 100%,18,22,588,640,17,16,15,11,18,16,28,32
124,2017-11-25,Crystal Palace,Stoke City,54%,46%,423 of 561 — 75%,75% — 363 of 483,2 of 3 — 66%,2 of 3 — 66%,23,15,676,621,27,20,11,23,13,15,22,31
125,2017-11-25,Newcastle United,Watford,53%,47%,406 of 538 — 75%,70% — 336 of 482,2 of 4 — 50%,2 of 4 — 50%,24,15,656,596,12,27,21,13,28,23,23,35
126,2017-11-25,Liverpool,Chelsea,53%,47%,536 of 632 — 85%,80% — 443 of 554,2 of 3 — 66%,2 of 3 — 66%,18,26,765,676,19,23,10,13,7,12,35,22
127,2017-11-26,Southampton,Everton,67%,33%,602 of 727 — 83%,70% — 252 of 360,1 of 2 — 50%,1 of 2 — 50%,32,7,826,473,19,12,9,14,26,24,20,33
128,2017-11-26,Burnley,Arsenal,36%,64%,286 of 388 — 74%,82% — 557 of 681,1 of 1 — 100%,1 of 1 — 100%,19,17,489,759,13,11,11,5,18,24,32,27
129,2017-11-26,Huddersfield Town,Manchester City,22%,78%,111 of 216 — 51%,86% — 665 of 773,3 of 4 — 75%,3 of 4 — 75%,10,16,331,874,16,21,23,6,19,11,26,18
130,2017-11-28,Brighton & Hove Albion,Crystal Palace,54%,46%,369 of 517 — 71%,70% — 308 of 437,4 of 4 — 100%,4 of 4 — 100%,29,16,606,541,19,9,8,13,24,27,19,29
131,2017-11-28,Leicester City,Tottenham Hotspur,38%,62%,264 of 378 — 70%,81% — 498 of 618,4 of 5 — 80%,4 of 5 — 80%,14,27,521,724,23,19,14,11,16,18,48,21
132,2017-11-28,Watford,Manchester United,59%,41%,441 of 549 — 80%,73% — 280 of 383,2 of 6 — 33%,2 of 6 — 33%,25,10,669,510,16,14,13,10,16,15,25,41
133,2017-11-28,West Bromwich Albion,Newcastle United,48%,52%,327 of 443 — 74%,77% — 375 of 487,3 of 4 — 75%,3 of 4 — 75%,21,21,574,620,22,18,13,7,27,26,29,30
134,2017-11-29,Chelsea,Swansea City,61%,39%,552 of 679 — 81%,75% — 330 of 438,0 of 0 — %,0 of 0 — %,42,11,797,570,22,16,15,14,20,8,16,46
135,2017-11-29,Bournemouth,Burnley,62%,38%,489 of 630 — 78%,68% — 263 of 389,2 of 4 — 50%,2 of 4 — 50%,30,20,729,516,14,22,6,17,27,18,20,35
136,2017-11-29,Arsenal,Huddersfield Town,69%,31%,739 of 848 — 87%,75% — 282 of 375,2 of 3 — 66%,2 of 3 — 66%,11,10,940,487,19,13,15,15,12,16,12,32
137,2017-11-29,Stoke City,Liverpool,41%,59%,270 of 404 — 67%,79% — 469 of 591,4 of 7 — 57%,4 of 7 — 57%,21,14,520,702,16,14,18,13,33,25,25,33
138,2017-11-29,Everton,West Ham United,44%,56%,345 of 450 — 77%,76% — 440 of 577,2 of 2 — 100%,2 of 2 — 100%,14,31,580,660,19,11,15,7,26,21,53,14
139,2017-11-29,Manchester City,Southampton,74%,26%,704 of 835 — 84%,58% — 169 of 293,1 of 2 — 50%,1 of 2 — 50%,21,8,945,432,16,15,9,24,19,12,12,35
140,2017-12-02,Chelsea,Newcastle United,65%,35%,672 of 794 — 85%,75% — 319 of 423,1 of 2 — 50%,1 of 2 — 50%,26,11,897,548,17,17,14,13,20,10,15,41
141,2017-12-02,Watford,Tottenham Hotspur,50%,50%,340 of 459 — 74%,78% — 357 of 459,1 of 2 — 50%,1 of 2 — 50%,26,15,557,573,20,21,11,11,19,15,25,33
142,2017-12-02,West Bromwich Albion,Crystal Palace,51%,49%,320 of 455 — 70%,70% — 303 of 430,2 of 2 — 100%,2 of 2 — 100%,26,22,582,552,15,15,16,9,27,31,26,34
143,2017-12-02,Stoke City,Swansea City,45%,55%,324 of 423 — 77%,77% — 399 of 519,2 of 3 — 66%,2 of 3 — 66%,12,31,542,613,13,24,13,5,25,18,39,23
144,2017-12-02,Brighton & Hove Albion,Liverpool,43%,57%,415 of 519 — 80%,87% — 608 of 700,2 of 6 — 33%,2 of 6 — 33%,13,12,593,789,18,17,12,15,16,12,16,20
145,2017-12-02,Everton,Huddersfield Town,47%,53%,289 of 412 — 70%,69% — 313 of 456,3 of 3 — 100%,3 of 3 — 100%,7,27,537,574,13,23,14,13,39,28,49,34
146,2017-12-02,Leicester City,Burnley,52%,48%,334 of 473 — 71%,72% — 317 of 441,4 of 4 — 100%,4 of 4 — 100%,25,24,575,553,7,23,4,6,25,21,26,29
147,2017-12-02,Arsenal,Manchester United,75%,25%,594 of 717 — 83%,67% — 160 of 240,1 of 4 — 25%,1 of 4 — 25%,26,4,807,414,18,15,5,14,11,24,10,70
148,2017-12-03,Bournemouth,Southampton,49%,51%,366 of 476 — 77%,78% — 391 of 502,2 of 3 — 66%,2 of 3 — 66%,22,23,588,626,12,23,10,27,12,23,30,21
149,2017-12-03,Manchester City,West Ham United,76%,24%,693 of 807 — 86%,67% — 174 of 258,3 of 4 — 75%,3 of 4 — 75%,28,14,915,396,22,20,6,15,16,15,10,40
150,2017-12-09,West Ham United,Chelsea,31%,69%,231 of 338 — 68%,84% — 619 of 737,2 of 2 — 100%,2 of 2 — 100%,13,21,479,851,22,24,21,8,13,17,32,20
151,2017-12-09,Huddersfield Town,Brighton & Hove Albion,58%,42%,433 of 600 — 72%,67% — 294 of 440,2 of 2 — 100%,2 of 2 — 100%,28,11,707,564,23,17,10,13,35,22,20,27
152,2017-12-09,Crystal Palace,Bournemouth,45%,55%,288 of 401 — 72%,78% — 376 of 482,3 of 5 — 60%,3 of 5 — 60%,28,15,523,616,18,19,15,10,23,12,20,35
153,2017-12-09,Tottenham Hotspur,Stoke City,71%,29%,605 of 713 — 85%,61% — 182 of 298,2 of 3 — 66%,2 of 3 — 66%,26,16,799,396,18,17,10,13,19,21,15,32
154,2017-12-09,Burnley,Watford,49%,51%,275 of 426 — 65%,67% — 294 of 442,2 of 2 — 100%,2 of 2 — 100%,23,21,539,552,8,10,13,14,41,34,42,34
155,2017-12-09,Swansea City,West Bromwich Albion,54%,46%,395 of 522 — 76%,74% — 331 of 449,1 of 1 — 100%,1 of 1 — 100%,29,17,617,554,20,15,9,6,20,26,28,32
156,2017-12-09,Newcastle United,Leicester City,38%,62%,250 of 373 — 67%,78% — 468 of 601,3 of 5 — 60%,3 of 5 — 60%,12,16,486,704,21,20,10,6,33,24,25,16
157,2017-12-10,Southampton,Arsenal,33%,67%,310 of 405 — 77%,86% — 696 of 806,5 of 6 — 83%,5 of 6 — 83%,11,17,521,887,14,13,20,8,9,12,37,10
158,2017-12-10,Liverpool,Everton,79%,21%,684 of 817 — 84%,50% — 108 of 215,1 of 1 — 100%,1 of 1 — 100%,45,5,910,355,13,21,7,20,14,14,8,54
159,2017-12-10,Manchester United,Manchester City,36%,64%,250 of 363 — 69%,82% — 523 of 639,5 of 7 — 71%,5 of 7 — 71%,6,10,466,736,22,18,19,9,13,18,19,16
160,2017-12-12,Burnley,Stoke City,51%,49%,281 of 446 — 63%,62% — 262 of 425,7 of 7 — 100%,7 of 7 — 100%,17,14,562,538,14,17,11,7,29,44,37,36
161,2017-12-12,Crystal Palace,Watford,53%,47%,343 of 459 — 75%,65% — 259 of 400,1 of 2 — 50%,1 of 2 — 50%,14,20,593,522,13,21,9,17,33,16,45,27
162,2017-12-12,Huddersfield Town,Chelsea,36%,64%,381 of 459 — 83%,89% — 735 of 824,2 of 5 — 40%,2 of 5 — 40%,9,21,537,900,8,10,11,9,11,11,19,15
163,2017-12-13,Newcastle United,Everton,55%,45%,427 of 579 — 74%,72% — 335 of 465,3 of 4 — 75%,3 of 4 — 75%,24,7,673,619,17,25,10,14,33,36,7,53
164,2017-12-13,Southampton,Leicester City,53%,47%,369 of 473 — 78%,74% — 305 of 412,5 of 9 — 55%,5 of 9 — 55%,25,13,580,533,19,23,10,11,20,16,20,21
165,2017-12-13,Swansea City,Manchester City,22%,78%,172 of 253 — 68%,91% — 793 of 876,6 of 10 — 60%,6 of 10 — 60%,8,16,339,970,12,17,12,2,10,11,19,13
166,2017-12-13,Liverpool,West Bromwich Albion,70%,30%,645 of 762 — 85%,64% — 211 of 332,1 of 1 — 100%,1 of 1 — 100%,16,19,881,462,20,24,11,19,16,17,26,31
167,2017-12-13,West Ham United,Arsenal,31%,69%,234 of 337 — 69%,85% — 639 of 754,3 of 3 — 100%,3 of 3 — 100%,10,23,470,876,11,17,17,16,20,19,41,25
168,2017-12-13,Tottenham Hotspur,Brighton & Hove Albion,74%,26%,703 of 812 — 87%,64% — 180 of 280,4 of 4 — 100%,4 of 4 — 100%,26,8,910,399,15,13,6,17,20,20,6,41
169,2017-12-13,Manchester United,Bournemouth,57%,43%,507 of 615 — 82%,77% — 362 of 471,7 of 7 — 100%,7 of 7 — 100%,17,25,719,565,13,10,16,10,9,11,23,21
170,2017-12-16,Leicester City,Crystal Palace,56%,44%,391 of 513 — 76%,73% — 292 of 402,3 of 6 — 50%,3 of 6 — 50%,31,12,623,542,16,25,12,16,23,22,12,39
171,2017-12-16,Watford,Huddersfield Town,60%,40%,393 of 514 — 76%,69% — 240 of 349,3 of 6 — 50%,3 of 6 — 50%,22,17,609,480,18,24,12,10,20,24,16,25
172,2017-12-16,Arsenal,Newcastle United,71%,29%,679 of 801 — 85%,65% — 214 of 327,2 of 2 — 100%,2 of 2 — 100%,10,14,921,474,17,21,12,14,25,38,27,41
173,2017-12-16,Brighton & Hove Albion,Burnley,58%,42%,408 of 548 — 74%,66% — 258 of 392,6 of 6 — 100%,6 of 6 — 100%,36,15,658,493,11,12,9,10,30,32,38,34
174,2017-12-16,Chelsea,Southampton,54%,46%,502 of 598 — 84%,79% — 405 of 510,2 of 2 — 100%,2 of 2 — 100%,15,13,712,620,13,20,7,15,9,12,19,27
175,2017-12-16,Stoke City,West Ham United,54%,46%,363 of 486 — 75%,77% — 316 of 411,4 of 6 — 66%,4 of 6 — 66%,30,11,586,546,25,7,9,8,25,19,14,50
176,2017-12-16,Manchester City,Tottenham Hotspur,52%,48%,392 of 494 — 79%,78% — 351 of 449,1 of 2 — 50%,1 of 2 — 50%,11,7,596,563,18,17,11,17,3,6,7,13
177,2017-12-17,West Bromwich Albion,Manchester United,44%,56%,375 of 484 — 77%,82% — 513 of 628,1 of 3 — 33%,1 of 3 — 33%,22,12,579,717,15,12,20,17,8,13,14,23
178,2017-12-17,Bournemouth,Liverpool,44%,56%,441 of 558 — 79%,86% — 603 of 699,3 of 7 — 42%,3 of 7 — 42%,11,19,627,792,9,12,6,21,9,7,19,20
179,2017-12-18,Everton,Swansea City,51%,49%,375 of 488 — 77%,76% — 356 of 471,2 of 3 — 66%,2 of 3 — 66%,15,10,577,564,17,14,14,9,16,16,19,24
180,2017-12-22,Arsenal,Liverpool,54%,46%,414 of 559 — 74%,75% — 362 of 482,6 of 9 — 66%,6 of 9 — 66%,14,20,670,618,18,21,12,22,17,23,20,30
181,2017-12-23,Everton,Chelsea,32%,68%,249 of 356 — 70%,80% — 603 of 750,5 of 5 — 100%,5 of 5 — 100%,10,35,519,845,18,19,26,8,22,16,61,9
182,2017-12-23,Stoke City,West Bromwich Albion,43%,57%,288 of 403 — 71%,73% — 391 of 533,6 of 7 — 85%,6 of 7 — 85%,18,41,543,645,27,16,16,5,33,23,49,16
183,2017-12-23,Brighton & Hove Albion,Watford,51%,49%,357 of 479 — 75%,72% — 326 of 455,1 of 1 — 100%,1 of 1 — 100%,21,19,604,568,14,19,12,10,36,25,21,29
184,2017-12-23,Swansea City,Crystal Palace,64%,36%,528 of 646 — 82%,74% — 275 of 371,4 of 4 — 100%,4 of 4 — 100%,27,12,737,510,18,21,9,16,11,18,13,23
185,2017-12-23,Southampton,Huddersfield Town,53%,47%,297 of 441 — 67%,63% — 247 of 394,1 of 2 — 50%,1 of 2 — 50%,23,21,565,510,14,17,15,19,21,18,33,26
186,2017-12-23,Manchester City,Bournemouth,78%,22%,851 of 948 — 90%,66% — 175 of 264,1 of 1 — 100%,1 of 1 — 100%,18,13,1024,366,19,10,9,16,12,10,11,28
187,2017-12-23,West Ham United,Newcastle United,64%,36%,365 of 495 — 74%,61% — 172 of 283,1 of 4 — 25%,1 of 4 — 25%,33,14,613,430,16,23,4,8,36,31,32,60
188,2017-12-23,Burnley,Tottenham Hotspur,41%,59%,255 of 397 — 64%,78% — 449 of 573,5 of 7 — 71%,5 of 7 — 71%,18,11,503,695,11,9,12,6,18,31,29,37
189,2017-12-23,Leicester City,Manchester United,49%,51%,375 of 486 — 77%,79% — 394 of 498,4 of 6 — 66%,4 of 6 — 66%,15,21,578,605,8,17,16,13,7,14,20,31
190,2017-12-26,Tottenham Hotspur,Southampton,57%,43%,425 of 523 — 81%,71% — 283 of 398,4 of 6 — 66%,4 of 6 — 66%,9,22,638,510,12,28,10,18,15,9,29,17
191,2017-12-26,Bournemouth,West Ham United,55%,45%,366 of 477 — 77%,69% — 263 of 383,2 of 5 — 40%,2 of 5 — 40%,27,18,594,509,15,22,8,18,26,18,16,35
192,2017-12-26,Watford,Leicester City,49%,51%,262 of 412 — 64%,66% — 283 of 432,4 of 5 — 80%,4 of 5 — 80%,20,23,524,546,20,15,16,7,22,30,31,27
193,2017-12-26,West Bromwich Albion,Everton,52%,48%,302 of 446 — 68%,67% — 274 of 406,3 of 3 — 100%,3 of 3 — 100%,41,19,542,512,13,16,8,7,37,22,26,38
194,2017-12-26,Manchester United,Burnley,71%,29%,577 of 719 — 80%,58% — 173 of 299,0 of 2 — 0%,0 of 2 — 0%,50,9,816,425,11,14,5,6,32,19,18,59
195,2017-12-26,Huddersfield Town,Stoke City,59%,41%,449 of 569 — 79%,74% — 297 of 403,4 of 5 — 80%,4 of 5 — 80%,34,13,692,542,17,31,7,15,15,34,21,43
196,2017-12-26,Chelsea,Brighton & Hove Albion,67%,33%,633 of 732 — 86%,75% — 277 of 368,1 of 1 — 100%,1 of 1 — 100%,20,8,813,471,12,13,9,17,10,21,14,34
197,2017-12-26,Liverpool,Swansea City,55%,45%,548 of 640 — 86%,84% — 444 of 527,4 of 4 — 100%,4 of 4 — 100%,18,9,731,622,20,13,11,13,8,12,7,21
198,2017-12-27,Newcastle United,Manchester City,23%,77%,157 of 260 — 60%,88% — 761 of 865,5 of 6 — 83%,5 of 6 — 83%,6,15,362,959,14,15,11,11,22,15,22,8
199,2017-12-28,Crystal Palace,Arsenal,36%,64%,284 of 394 — 72%,83% — 580 of 698,6 of 9 — 66%,6 of 9 — 66%,22,15,537,815,26,21,16,12,22,20,32,28
200,2017-12-30,Huddersfield Town,Burnley,56%,44%,309 of 437 — 71%,61% — 210 of 342,4 of 4 — 100%,4 of 4 — 100%,22,12,547,446,16,17,16,13,31,23,32,25
201,2017-12-30,Chelsea,Stoke City,59%,41%,626 of 707 — 89%,83% — 413 of 499,1 of 1 — 100%,1 of 1 — 100%,23,5,786,594,9,27,6,12,13,5,9,25
202,2017-12-30,Bournemouth,Everton,47%,53%,326 of 465 — 70%,72% — 375 of 519,0 of 1 — 0%,0 of 1 — 0%,19,15,576,636,8,14,16,14,24,22,25,29
203,2017-12-30,Liverpool,Leicester City,61%,39%,500 of 636 — 79%,66% — 273 of 413,0 of 1 — 0%,0 of 1 — 0%,19,12,753,530,15,16,8,12,17,17,28,34
204,2017-12-30,Watford,Swansea City,51%,49%,437 of 544 — 80%,81% — 421 of 521,2 of 4 — 50%,2 of 4 — 50%,16,16,635,628,21,19,8,11,28,16,20,14
205,2017-12-30,Newcastle United,Brighton & Hove Albion,46%,54%,330 of 473 — 70%,75% — 415 of 550,3 of 3 — 100%,3 of 3 — 100%,19,22,579,665,12,13,9,10,28,31,23,40
206,2017-12-30,Manchester United,Southampton,54%,46%,451 of 554 — 81%,74% — 343 of 464,3 of 3 — 100%,3 of 3 — 100%,34,21,671,578,14,19,6,8,21,13,31,39
207,2017-12-31,Crystal Palace,Manchester City,26%,74%,137 of 240 — 57%,86% — 576 of 673,4 of 4 — 100%,4 of 4 — 100%,17,20,362,792,19,14,12,7,15,16,32,29
208,2017-12-31,West Bromwich Albion,Arsenal,35%,65%,266 of 369 — 72%,83% — 571 of 685,4 of 4 — 100%,4 of 4 — 100%,28,10,490,786,14,12,12,8,17,12,32,25
209,2018-01-01,Brighton & Hove Albion,Bournemouth,49%,51%,324 of 440 — 74%,79% — 357 of 452,6 of 8 — 75%,6 of 8 — 75%,20,24,584,590,23,6,12,14,25,16,35,29
210,2018-01-01,Leicester City,Huddersfield Town,52%,48%,420 of 540 — 78%,78% — 387 of 497,1 of 1 — 100%,1 of 1 — 100%,20,17,650,634,14,29,8,16,25,26,21,41
211,2018-01-01,Burnley,Liverpool,42%,58%,286 of 413 — 69%,78% — 446 of 570,3 of 5 — 60%,3 of 5 — 60%,17,24,524,684,13,14,11,7,30,23,30,33
212,2018-01-01,Stoke City,Newcastle United,59%,41%,384 of 525 — 73%,66% — 247 of 372,5 of 6 — 83%,5 of 6 — 83%,28,12,629,504,14,17,7,12,30,28,30,38
213,2018-01-01,Everton,Manchester United,40%,60%,303 of 408 — 74%,83% — 518 of 622,4 of 6 — 66%,4 of 6 — 66%,21,7,529,736,12,12,8,5,12,17,33,28
214,2018-01-02,West Ham United,West Bromwich Albion,53%,47%,406 of 509 — 80%,76% — 346 of 454,2 of 3 — 66%,2 of 3 — 66%,29,23,618,566,15,16,7,9,24,15,34,38
215,2018-01-02,Swansea City,Tottenham Hotspur,33%,67%,250 of 352 — 71%,86% — 624 of 723,3 of 5 — 60%,3 of 5 — 60%,17,18,458,828,18,21,21,9,11,17,21,19
216,2018-01-02,Southampton,Crystal Palace,60%,40%,471 of 604 — 78%,68% — 271 of 397,2 of 4 — 50%,2 of 4 — 50%,16,17,715,517,26,15,14,15,16,23,24,21
217,2018-01-02,Manchester City,Watford,76%,24%,810 of 899 — 90%,69% — 200 of 291,3 of 4 — 75%,3 of 4 — 75%,21,3,986,394,14,25,7,18,6,5,6,24
218,2018-01-03,Arsenal,Chelsea,58%,42%,534 of 637 — 84%,80% — 366 of 460,4 of 5 — 80%,4 of 5 — 80%,20,19,749,588,16,18,16,18,12,14,17,30
219,2018-01-04,Tottenham Hotspur,West Ham United,70%,30%,595 of 736 — 81%,64% — 201 of 315,0 of 1 — 0%,0 of 1 — 0%,27,7,844,464,19,18,13,21,18,16,15,47
220,2018-01-13,Newcastle United,Swansea City,42%,58%,297 of 406 — 73%,79% — 440 of 559,2 of 3 — 66%,2 of 3 — 66%,15,21,519,644,22,8,8,3,22,40,22,22
221,2018-01-13,Crystal Palace,Burnley,44%,56%,241 of 371 — 65%,73% — 341 of 465,2 of 2 — 100%,2 of 2 — 100%,19,20,477,571,18,19,6,5,34,34,28,25
222,2018-01-13,Chelsea,Leicester City,56%,44%,455 of 565 — 81%,77% — 351 of 453,1 of 1 — 100%,1 of 1 — 100%,24,10,665,561,13,14,9,12,11,16,17,26
223,2018-01-13,Huddersfield Town,West Ham United,63%,37%,476 of 601 — 79%,68% — 236 of 347,1 of 5 — 20%,1 of 5 — 20%,23,5,701,473,13,21,9,17,18,17,21,36
224,2018-01-13,West Bromwich Albion,Brighton & Hove Albion,44%,56%,268 of 399 — 67%,73% — 368 of 501,1 of 1 — 100%,1 of 1 — 100%,22,23,501,610,9,17,11,7,23,20,28,39
225,2018-01-13,Watford,Southampton,56%,44%,389 of 534 — 73%,66% — 277 of 421,2 of 4 — 50%,2 of 4 — 50%,28,19,653,538,14,15,12,12,29,26,21,35
226,2018-01-13,Tottenham Hotspur,Everton,61%,39%,510 of 629 — 81%,70% — 285 of 405,0 of 0 — %,0 of 0 — %,18,11,736,520,18,17,7,19,21,16,24,28
227,2018-01-14,Bournemouth,Arsenal,41%,59%,260 of 414 — 63%,74% — 440 of 598,2 of 3 — 66%,2 of 3 — 66%,14,13,551,724,24,21,13,15,26,31,24,32
228,2018-01-14,Liverpool,Manchester City,36%,64%,290 of 398 — 73%,84% — 602 of 714,1 of 4 — 25%,1 of 4 — 25%,12,13,521,823,33,24,19,11,4,22,19,19
229,2018-01-15,Manchester United,Stoke City,60%,40%,559 of 638 — 88%,82% — 345 of 422,4 of 4 — 100%,4 of 4 — 100%,12,9,725,511,15,16,11,9,9,14,11,17
230,2018-01-20,Brighton & Hove Albion,Chelsea,42%,58%,317 of 421 — 75%,85% — 485 of 571,6 of 10 — 60%,6 of 10 — 60%,29,10,514,671,11,13,13,9,13,12,17,27
231,2018-01-20,Everton,West Bromwich Albion,56%,44%,373 of 523 — 71%,62% — 252 of 406,4 of 5 — 80%,4 of 5 — 80%,14,18,651,534,21,15,14,15,23,34,27,23
232,2018-01-20,Leicester City,Watford,54%,46%,353 of 466 — 76%,68% — 273 of 403,3 of 3 — 100%,3 of 3 — 100%,12,21,594,519,15,27,9,9,13,21,27,24
233,2018-01-20,Stoke City,Huddersfield Town,49%,51%,231 of 391 — 59%,55% — 229 of 415,3 of 3 — 100%,3 of 3 — 100%,15,17,525,509,22,14,17,6,60,33,26,19
234,2018-01-20,Arsenal,Crystal Palace,63%,37%,661 of 755 — 88%,79% — 354 of 450,4 of 5 — 80%,4 of 5 — 80%,9,29,875,574,19,15,9,26,16,16,34,21
235,2018-01-20,West Ham United,Bournemouth,48%,52%,309 of 448 — 69%,75% — 360 of 478,2 of 3 — 66%,2 of 3 — 66%,26,10,556,600,13,15,17,7,20,16,23,43
236,2018-01-20,Burnley,Manchester United,48%,52%,337 of 471 — 72%,77% — 394 of 512,1 of 2 — 50%,1 of 2 — 50%,23,18,580,635,24,13,6,18,12,34,25,41
237,2018-01-20,Manchester City,Newcastle United,80%,20%,754 of 862 — 87%,58% — 128 of 220,3 of 4 — 75%,3 of 4 — 75%,32,7,970,359,23,18,5,19,16,15,21,46
238,2018-01-21,Southampton,Tottenham Hotspur,41%,59%,261 of 384 — 68%,79% — 430 of 542,1 of 2 — 50%,1 of 2 — 50%,15,24,491,652,21,16,14,11,9,16,21,18
239,2018-01-22,Swansea City,Liverpool,29%,71%,222 of 328 — 68%,86% — 696 of 814,4 of 4 — 100%,4 of 4 — 100%,10,28,445,895,15,15,15,7,17,19,40,11
240,2018-01-30,West Ham United,Crystal Palace,41%,59%,230 of 350 — 66%,80% — 402 of 504,2 of 3 — 66%,2 of 3 — 66%,30,23,447,607,25,9,12,15,24,24,26,23
241,2018-01-30,Swansea City,Arsenal,26%,74%,238 of 333 — 71%,91% — 859 of 948,3 of 4 — 75%,3 of 4 — 75%,12,21,419,1028,13,11,13,8,10,14,26,15
242,2018-01-30,Huddersfield Town,Liverpool,26%,74%,224 of 335 — 67%,87% — 840 of 964,4 of 6 — 66%,4 of 6 — 66%,8,20,458,1054,11,13,12,9,16,15,39,18
243,2018-01-31,Southampton,Brighton & Hove Albion,66%,34%,524 of 659 — 80%,65% — 224 of 347,1 of 1 — 100%,1 of 1 — 100%,37,13,779,488,12,20,12,16,18,39,16,42
244,2018-01-31,Chelsea,Bournemouth,65%,35%,560 of 683 — 82%,72% — 261 of 361,2 of 5 — 40%,2 of 5 — 40%,25,7,792,501,16,23,7,18,23,9,11,41
245,2018-01-31,Everton,Leicester City,44%,56%,262 of 400 — 66%,71% — 358 of 504,0 of 0 — %,0 of 0 — %,15,20,514,602,24,17,14,14,13,23,27,30
246,2018-01-31,Newcastle United,Burnley,52%,48%,312 of 450 — 69%,65% — 269 of 415,2 of 2 — 100%,2 of 2 — 100%,19,17,580,532,17,18,9,9,41,31,48,34
247,2018-01-31,Stoke City,Watford,49%,51%,186 of 330 — 56%,59% — 201 of 343,2 of 2 — 100%,2 of 2 — 100%,13,14,441,451,10,13,11,8,43,39,40,37
248,2018-01-31,Manchester City,West Bromwich Albion,73%,27%,631 of 736 — 86%,66% — 179 of 270,1 of 1 — 100%,1 of 1 — 100%,20,2,818,382,16,17,8,17,14,10,8,32
249,2018-01-31,Tottenham Hotspur,Manchester United,52%,48%,453 of 566 — 80%,77% — 399 of 516,3 of 3 — 100%,3 of 3 — 100%,16,12,696,639,26,25,18,15,10,15,20,16
250,2018-02-03,Burnley,Manchester City,30%,70%,206 of 319 — 65%,85% — 625 of 733,6 of 7 — 85%,6 of 7 — 85%,13,16,425,848,9,13,22,12,15,13,31,28
251,2018-02-03,West Bromwich Albion,Southampton,39%,61%,237 of 369 — 64%,76% — 436 of 573,2 of 5 — 40%,2 of 5 — 40%,24,22,474,679,11,14,16,6,29,25,17,31
252,2018-02-03,Bournemouth,Stoke City,57%,43%,348 of 491 — 71%,66% — 247 of 376,2 of 3 — 66%,2 of 3 — 66%,20,15,598,505,10,28,5,16,26,35,23,39
253,2018-02-03,Manchester United,Huddersfield Town,74%,26%,728 of 832 — 88%,70% — 201 of 286,0 of 0 — %,0 of 0 — %,17,11,920,419,15,22,10,14,14,18,17,32
254,2018-02-03,Brighton & Hove Albion,West Ham United,55%,45%,375 of 518 — 72%,72% — 305 of 426,0 of 1 — 0%,0 of 1 — 0%,21,17,607,552,8,17,6,18,21,28,18,39
255,2018-02-03,Leicester City,Swansea City,60%,40%,458 of 583 — 79%,71% — 275 of 387,0 of 1 — 0%,0 of 1 — 0%,22,16,686,507,16,14,11,12,20,19,22,41
256,2018-02-03,Arsenal,Everton,57%,43%,488 of 582 — 84%,77% — 335 of 434,1 of 2 — 50%,1 of 2 — 50%,10,24,700,542,22,11,13,16,20,25,27,26
257,2018-02-04,Crystal Palace,Newcastle United,55%,45%,373 of 494 — 76%,69% — 279 of 406,7 of 8 — 87%,7 of 8 — 87%,27,18,618,538,20,11,11,17,30,17,27,34
258,2018-02-04,Liverpool,Tottenham Hotspur,34%,66%,224 of 340 — 66%,77% — 499 of 647,3 of 4 — 75%,3 of 4 — 75%,15,27,470,732,17,16,10,6,14,16,42,18
259,2018-02-05,Watford,Chelsea,45%,55%,350 of 449 — 78%,82% — 444 of 544,2 of 3 — 66%,2 of 3 — 66%,18,9,550,663,19,16,17,9,18,16,11,24
260,2018-02-10,Tottenham Hotspur,Arsenal,50%,50%,440 of 553 — 80%,80% — 438 of 549,1 of 1 — 100%,1 of 1 — 100%,34,12,650,646,14,12,7,11,16,13,24,29
261,2018-02-10,Everton,Crystal Palace,52%,48%,322 of 438 — 74%,75% — 296 of 397,3 of 3 — 100%,3 of 3 — 100%,22,21,565,537,16,10,7,16,14,27,31,37
262,2018-02-10,Swansea City,Burnley,57%,43%,394 of 517 — 76%,68% — 264 of 386,1 of 1 — 100%,1 of 1 — 100%,22,14,615,492,12,17,4,11,34,33,22,36
263,2018-02-10,Stoke City,Brighton & Hove Albion,58%,42%,393 of 545 — 72%,63% — 251 of 400,5 of 6 — 83%,5 of 6 — 83%,31,12,653,544,9,28,11,17,31,37,30,48
264,2018-02-10,West Ham United,Watford,37%,63%,167 of 296 — 56%,71% — 358 of 503,4 of 4 — 100%,4 of 4 — 100%,21,29,432,613,21,16,11,12,31,31,53,30
265,2018-02-10,Manchester City,Leicester City,70%,30%,642 of 750 — 86%,66% — 207 of 316,1 of 2 — 50%,1 of 2 — 50%,18,8,849,420,11,18,8,14,10,17,13,31
266,2018-02-11,Huddersfield Town,Bournemouth,50%,50%,343 of 486 — 71%,68% — 326 of 477,1 of 2 — 50%,1 of 2 — 50%,18,14,621,604,21,18,21,12,22,13,25,29
267,2018-02-11,Newcastle United,Manchester United,36%,64%,268 of 391 — 69%,78% — 546 of 696,3 of 3 — 100%,3 of 3 — 100%,8,25,535,791,20,12,12,11,22,19,48,18
268,2018-02-11,Southampton,Liverpool,52%,48%,460 of 601 — 77%,77% — 426 of 551,2 of 4 — 50%,2 of 4 — 50%,21,9,695,661,15,14,16,11,21,19,12,23
269,2018-02-12,Chelsea,West Bromwich Albion,57%,43%,506 of 615 — 82%,76% — 357 of 469,1 of 1 — 100%,1 of 1 — 100%,15,25,727,573,21,12,9,11,16,24,22,16
270,2018-02-24,Leicester City,Stoke City,65%,35%,384 of 550 — 70%,53% — 160 of 301,1 of 2 — 50%,1 of 2 — 50%,38,9,664,450,19,19,8,15,29,35,12,58
271,2018-02-24,West Bromwich Albion,Huddersfield Town,53%,47%,307 of 462 — 66%,61% — 247 of 402,5 of 7 — 71%,5 of 7 — 71%,18,12,586,546,13,29,12,7,27,31,32,41
272,2018-02-24,Bournemouth,Newcastle United,63%,37%,480 of 623 — 77%,67% — 246 of 366,2 of 4 — 50%,2 of 4 — 50%,37,7,746,524,16,21,10,13,22,29,23,54
273,2018-02-24,Liverpool,West Ham United,67%,33%,634 of 759 — 84%,70% — 256 of 367,3 of 4 — 75%,3 of 4 — 75%,25,4,866,479,27,19,8,9,18,17,19,36
274,2018-02-24,Burnley,Southampton,51%,49%,287 of 431 — 67%,67% — 282 of 422,4 of 5 — 80%,4 of 5 — 80%,26,15,537,540,8,23,11,11,28,24,32,38
275,2018-02-24,Brighton & Hove Albion,Swansea City,47%,53%,323 of 434 — 74%,76% — 367 of 484,1 of 1 — 100%,1 of 1 — 100%,10,16,550,573,24,20,6,9,21,10,25,13
276,2018-02-24,Watford,Everton,54%,46%,339 of 472 — 72%,66% — 271 of 408,2 of 2 — 100%,2 of 2 — 100%,15,22,605,538,19,26,13,13,34,12,32,30
277,2018-02-25,Crystal Palace,Tottenham Hotspur,25%,75%,143 of 247 — 58%,83% — 604 of 727,3 of 4 — 75%,3 of 4 — 75%,10,28,389,830,28,14,24,6,24,14,44,18
278,2018-02-25,Manchester United,Chelsea,44%,56%,373 of 470 — 79%,83% — 495 of 593,6 of 7 — 85%,6 of 7 — 85%,18,14,577,699,20,22,18,6,13,9,19,16
279,2018-03-01,Arsenal,Manchester City,46%,54%,454 of 585 — 78%,85% — 584 of 687,2 of 5 — 40%,2 of 5 — 40%,14,3,684,800,24,11,13,15,6,9,11,34
280,2018-03-03,Burnley,Everton,55%,45%,328 of 475 — 69%,65% — 254 of 392,3 of 4 — 75%,3 of 4 — 75%,33,20,593,519,16,11,7,14,24,26,33,49
281,2018-03-03,Watford,West Bromwich Albion,53%,47%,310 of 455 — 68%,64% — 260 of 406,2 of 2 — 100%,2 of 2 — 100%,16,30,579,534,12,17,8,14,23,38,33,39
282,2018-03-03,Swansea City,West Ham United,46%,54%,355 of 477 — 74%,78% — 435 of 560,1 of 2 — 50%,1 of 2 — 50%,10,16,578,659,18,20,11,17,27,17,26,21
283,2018-03-03,Leicester City,Bournemouth,55%,45%,327 of 508 — 64%,64% — 266 of 414,2 of 2 — 100%,2 of 2 — 100%,36,8,629,557,21,12,15,5,31,35,16,53
284,2018-03-03,Southampton,Stoke City,65%,35%,376 of 506 — 74%,65% — 180 of 276,3 of 3 — 100%,3 of 3 — 100%,44,12,588,413,18,13,5,15,14,26,14,50
285,2018-03-03,Tottenham Hotspur,Huddersfield Town,74%,26%,741 of 864 — 86%,60% — 180 of 301,3 of 3 — 100%,3 of 3 — 100%,20,14,979,440,10,29,18,12,13,16,19,36
286,2018-03-03,Liverpool,Newcastle United,70%,30%,688 of 817 — 84%,67% — 233 of 350,2 of 2 — 100%,2 of 2 — 100%,16,7,911,459,26,12,12,14,29,21,12,20
287,2018-03-04,Brighton & Hove Albion,Arsenal,33%,67%,222 of 325 — 68%,83% — 553 of 666,6 of 7 — 85%,6 of 7 — 85%,16,25,452,755,21,10,13,8,18,19,38,19
288,2018-03-04,Manchester City,Chelsea,71%,29%,927 of 1018 — 91%,76% — 322 of 425,0 of 0 — %,0 of 0 — %,19,8,1091,498,11,11,8,11,5,8,12,16
289,2018-03-05,Crystal Palace,Manchester United,31%,69%,200 of 315 — 63%,82% — 583 of 708,4 of 7 — 57%,4 of 7 — 57%,20,18,456,810,19,9,18,5,22,21,41,30
290,2018-03-10,Manchester United,Liverpool,33%,67%,212 of 314 — 68%,79% — 508 of 639,2 of 2 — 100%,2 of 2 — 100%,6,33,445,720,22,13,25,7,22,13,45,12
291,2018-03-10,West Ham United,Burnley,52%,48%,333 of 443 — 75%,76% — 315 of 417,1 of 4 — 25%,1 of 4 — 25%,31,12,541,526,14,11,12,7,21,19,16,43
292,2018-03-10,Newcastle United,Southampton,37%,63%,219 of 346 — 63%,73% — 425 of 583,2 of 2 — 100%,2 of 2 — 100%,9,24,461,654,15,14,16,4,28,20,38,13
293,2018-03-10,West Bromwich Albion,Leicester City,44%,56%,289 of 417 — 69%,75% — 400 of 530,2 of 6 — 33%,2 of 6 — 33%,21,19,516,636,17,17,7,11,18,30,20,26
294,2018-03-10,Everton,Brighton & Hove Albion,59%,41%,362 of 486 — 74%,61% — 205 of 336,4 of 4 — 100%,4 of 4 — 100%,30,11,573,437,9,14,8,8,16,20,21,39
295,2018-03-10,Huddersfield Town,Swansea City,80%,20%,658 of 783 — 84%,52% — 101 of 194,0 of 0 — %,0 of 0 — %,64,4,883,341,10,17,7,13,29,24,10,72
296,2018-03-10,Chelsea,Crystal Palace,62%,38%,555 of 657 — 84%,77% — 308 of 400,1 of 2 — 50%,1 of 2 — 50%,33,18,782,540,17,19,9,9,18,15,23,38
297,2018-03-11,Arsenal,Watford,59%,41%,440 of 540 — 81%,70% — 268 of 381,3 of 3 — 100%,3 of 3 — 100%,9,24,666,490,21,13,8,15,20,17,36,16
298,2018-03-11,Bournemouth,Tottenham Hotspur,37%,63%,247 of 364 — 68%,79% — 482 of 607,4 of 8 — 50%,4 of 8 — 50%,10,24,496,729,22,22,13,13,13,14,28,20
299,2018-03-12,Stoke City,Manchester City,24%,76%,181 of 282 — 64%,89% — 781 of 882,4 of 6 — 66%,4 of 6 — 66%,10,10,372,977,19,16,10,4,13,15,18,22
300,2018-03-17,Stoke City,Everton,43%,57%,259 of 363 — 71%,77% — 372 of 486,6 of 8 — 75%,6 of 8 — 75%,11,26,470,584,19,19,12,7,20,9,21,15
301,2018-03-17,Bournemouth,West Bromwich Albion,60%,40%,472 of 598 — 79%,69% — 271 of 392,4 of 5 — 80%,4 of 5 — 80%,18,19,720,522,19,21,7,15,17,19,25,26
302,2018-03-17,Huddersfield Town,Crystal Palace,55%,45%,365 of 530 — 69%,68% — 299 of 440,3 of 4 — 75%,3 of 4 — 75%,19,14,665,606,24,29,12,22,20,32,21,35
303,2018-03-17,Liverpool,Watford,58%,42%,505 of 631 — 80%,70% — 322 of 459,1 of 1 — 100%,1 of 1 — 100%,13,12,721,563,18,30,8,13,17,20,14,25
304,2018-03-31,Crystal Palace,Liverpool,33%,67%,215 of 354 — 61%,81% — 591 of 727,4 of 6 — 66%,4 of 6 — 66%,15,29,475,836,25,16,8,9,17,17,31,24
305,2018-03-31,Manchester United,Swansea City,66%,34%,695 of 787 — 88%,77% — 314 of 406,2 of 2 — 100%,2 of 2 — 100%,19,14,871,498,17,17,13,11,11,4,15,28
306,2018-03-31,Brighton & Hove Albion,Leicester City,48%,52%,303 of 439 — 69%,75% — 360 of 483,2 of 4 — 50%,2 of 4 — 50%,25,14,532,588,11,14,12,11,15,21,24,35
307,2018-03-31,West Bromwich Albion,Burnley,47%,53%,326 of 461 — 71%,78% — 396 of 510,2 of 4 — 50%,2 of 4 — 50%,26,21,558,613,20,10,6,7,29,24,31,33
308,2018-03-31,West Ham United,Southampton,49%,51%,293 of 433 — 68%,72% — 320 of 447,0 of 0 — %,0 of 0 — %,17,19,539,564,19,17,16,10,20,16,23,32
309,2018-03-31,Newcastle United,Huddersfield Town,63%,37%,499 of 633 — 79%,64% — 240 of 376,0 of 0 — %,0 of 0 — %,17,13,768,510,16,24,15,16,18,16,30,36
310,2018-03-31,Watford,Bournemouth,50%,50%,342 of 472 — 72%,77% — 362 of 473,4 of 5 — 80%,4 of 5 — 80%,24,16,575,600,18,20,14,7,15,20,12,40
311,2018-03-31,Everton,Manchester City,19%,81%,151 of 234 — 65%,91% — 923 of 1009,1 of 4 — 25%,1 of 4 — 25%,15,12,318,1089,13,8,10,4,12,10,23,14
312,2018-04-01,Arsenal,Stoke City,69%,31%,574 of 690 — 83%,63% — 200 of 316,2 of 2 — 100%,2 of 2 — 100%,16,17,789,414,16,11,11,10,23,26,13,19
313,2018-04-01,Chelsea,Tottenham Hotspur,49%,51%,411 of 545 — 75%,81% — 464 of 576,3 of 6 — 50%,3 of 6 — 50%,21,14,655,712,27,20,20,20,13,13,16,32
314,2018-04-07,Everton,Liverpool,39%,61%,274 of 406 — 67%,78% — 499 of 639,3 of 3 — 100%,3 of 3 — 100%,15,17,515,733,16,12,11,5,25,23,32,20
315,2018-04-07,Stoke City,Tottenham Hotspur,35%,65%,188 of 310 — 61%,81% — 476 of 588,2 of 4 — 50%,2 of 4 — 50%,20,13,423,698,24,15,16,10,13,22,28,29
316,2018-04-07,Leicester City,Newcastle United,65%,35%,450 of 584 — 77%,58% — 183 of 313,2 of 4 — 50%,2 of 4 — 50%,33,11,680,422,9,13,10,14,30,24,15,32
317,2018-04-07,Watford,Burnley,60%,40%,346 of 500 — 69%,61% — 202 of 330,2 of 4 — 50%,2 of 4 — 50%,31,9,593,453,9,13,9,16,30,32,22,52
318,2018-04-07,Brighton & Hove Albion,Huddersfield Town,42%,58%,268 of 410 — 65%,76% — 435 of 573,4 of 5 — 80%,4 of 5 — 80%,15,25,518,672,17,19,8,11,34,32,30,19
319,2018-04-07,Bournemouth,Crystal Palace,53%,47%,422 of 547 — 77%,78% — 374 of 481,4 of 6 — 66%,4 of 6 — 66%,39,16,641,610,7,15,9,23,18,16,15,38
320,2018-04-07,West Bromwich Albion,Swansea City,52%,48%,430 of 541 — 79%,77% — 381 of 493,0 of 1 — 0%,0 of 1 — 0%,25,13,639,591,13,13,11,6,19,23,21,28
321,2018-04-07,Manchester City,Manchester United,64%,36%,549 of 642 — 86%,75% — 264 of 354,1 of 4 — 25%,1 of 4 — 25%,16,13,730,459,11,11,7,22,10,10,15,15
322,2018-04-08,Arsenal,Southampton,64%,36%,626 of 751 — 83%,69% — 289 of 418,5 of 7 — 71%,5 of 7 — 71%,18,23,857,523,11,12,8,22,23,23,31,26
323,2018-04-08,Chelsea,West Ham United,59%,41%,542 of 650 — 83%,73% — 324 of 443,1 of 2 — 50%,1 of 2 — 50%,25,15,772,543,14,17,11,15,26,7,20,20
324,2018-04-14,Southampton,Chelsea,42%,58%,305 of 427 — 71%,78% — 458 of 584,2 of 5 — 40%,2 of 5 — 40%,20,25,533,681,14,11,15,13,11,23,30,19
325,2018-04-14,Crystal Palace,Brighton & Hove Albion,49%,51%,301 of 401 — 75%,69% — 283 of 410,1 of 3 — 33%,1 of 3 — 33%,12,30,535,514,12,14,9,8,18,20,39,28
326,2018-04-14,Huddersfield Town,Watford,49%,51%,283 of 427 — 66%,71% — 314 of 445,2 of 2 — 100%,2 of 2 — 100%,24,11,533,551,18,20,16,7,21,19,22,38
327,2018-04-14,Burnley,Leicester City,40%,60%,195 of 337 — 58%,70% — 362 of 516,5 of 6 — 83%,5 of 6 — 83%,12,34,438,604,14,11,7,8,27,27,38,19
328,2018-04-14,Swansea City,Everton,51%,49%,361 of 500 — 72%,75% — 359 of 479,3 of 3 — 100%,3 of 3 — 100%,21,16,621,621,25,17,11,8,28,32,23,41
329,2018-04-14,Liverpool,Bournemouth,61%,39%,552 of 660 — 84%,75% — 315 of 418,1 of 1 — 100%,1 of 1 — 100%,20,14,779,534,26,15,10,10,11,10,24,38
330,2018-04-14,Tottenham Hotspur,Manchester City,48%,52%,395 of 517 — 76%,82% — 453 of 552,3 of 5 — 60%,3 of 5 — 60%,24,12,608,669,22,14,17,14,8,13,16,32
331,2018-04-15,Newcastle United,Arsenal,29%,71%,192 of 303 — 63%,83% — 621 of 747,2 of 3 — 66%,2 of 3 — 66%,7,22,423,848,22,25,15,9,21,20,32,13
332,2018-04-15,Manchester United,West Bromwich Albion,70%,30%,681 of 792 — 86%,69% — 236 of 343,3 of 4 — 75%,3 of 4 — 75%,22,14,890,452,15,9,10,14,15,14,15,40
333,2018-04-16,West Ham United,Stoke City,63%,37%,399 of 535 — 75%,68% — 217 of 319,5 of 6 — 83%,5 of 6 — 83%,31,11,647,461,9,13,6,5,26,34,24,64
334,2018-04-17,Brighton & Hove Albion,Tottenham Hotspur,37%,63%,270 of 398 — 68%,83% — 570 of 687,5 of 6 — 83%,5 of 6 — 83%,14,18,520,789,22,10,19,9,15,19,32,16
335,2018-04-18,Bournemouth,Manchester United,45%,55%,381 of 480 — 79%,82% — 491 of 598,2 of 4 — 50%,2 of 4 — 50%,23,17,587,715,10,19,12,16,18,22,27,30
336,2018-04-19,Burnley,Chelsea,40%,60%,311 of 427 — 73%,83% — 545 of 654,4 of 5 — 80%,4 of 5 — 80%,13,13,526,760,13,8,15,13,19,29,25,32
337,2018-04-19,Leicester City,Southampton,54%,46%,387 of 513 — 75%,71% — 316 of 444,2 of 2 — 100%,2 of 2 — 100%,28,20,634,563,17,17,14,14,26,13,31,39
338,2018-04-21,West Bromwich Albion,Liverpool,39%,61%,280 of 404 — 69%,83% — 517 of 620,1 of 3 — 33%,1 of 3 — 33%,29,13,491,721,14,12,13,7,17,13,21,38
339,2018-04-21,Watford,Crystal Palace,52%,48%,263 of 405 — 65%,70% — 261 of 373,1 of 1 — 100%,1 of 1 — 100%,22,10,520,515,25,16,12,11,32,24,24,47
340,2018-04-22,Arsenal,West Ham United,67%,33%,584 of 683 — 86%,65% — 219 of 336,3 of 4 — 75%,3 of 4 — 75%,27,16,777,428,4,10,10,13,9,11,15,28
341,2018-04-22,Stoke City,Burnley,44%,56%,215 of 379 — 57%,68% — 336 of 491,6 of 7 — 85%,6 of 7 — 85%,22,33,492,606,18,9,6,5,40,41,44,37
342,2018-04-22,Manchester City,Swansea City,82%,18%,957 of 1050 — 91%,69% — 157 of 228,1 of 1 — 100%,1 of 1 — 100%,19,6,1120,326,14,11,11,14,10,14,10,28
343,2018-04-23,Everton,Newcastle United,56%,44%,394 of 533 — 74%,62% — 258 of 416,2 of 2 — 100%,2 of 2 — 100%,18,23,672,534,13,19,13,13,30,27,46,31
344,2018-04-28,Liverpool,Stoke City,71%,29%,564 of 708 — 80%,54% — 154 of 284,1 of 1 — 100%,1 of 1 — 100%,29,8,800,428,6,22,6,15,17,28,13,50
345,2018-04-28,Newcastle United,West Bromwich Albion,62%,38%,505 of 641 — 79%,67% — 258 of 387,1 of 2 — 50%,1 of 2 — 50%,32,10,762,518,23,18,11,14,28,20,15,34
346,2018-04-28,Southampton,Bournemouth,40%,60%,261 of 377 — 69%,76% — 434 of 569,6 of 7 — 85%,6 of 7 — 85%,12,25,509,664,21,11,15,8,22,21,33,20
347,2018-04-28,Huddersfield Town,Everton,54%,46%,417 of 562 — 74%,69% — 328 of 476,3 of 5 — 60%,3 of 5 — 60%,16,11,683,606,15,23,20,13,20,19,17,43
348,2018-04-28,Crystal Palace,Leicester City,50%,50%,364 of 447 — 81%,78% — 345 of 443,0 of 0 — %,0 of 0 — %,12,24,559,536,12,21,16,12,8,11,24,18
349,2018-04-28,Burnley,Brighton & Hove Albion,45%,55%,247 of 394 — 63%,71% — 341 of 483,2 of 2 — 100%,2 of 2 — 100%,22,23,480,594,9,11,3,7,20,32,28,29
350,2018-04-28,Swansea City,Chelsea,51%,49%,528 of 634 — 83%,86% — 523 of 611,2 of 3 — 66%,2 of 3 — 66%,26,11,721,710,20,12,9,13,7,16,10,29
351,2018-04-29,West Ham United,Manchester City,26%,74%,224 of 318 — 70%,91% — 828 of 908,4 of 7 — 57%,4 of 7 — 57%,10,13,419,1015,23,15,17,11,5,12,20,16
352,2018-04-29,Manchester United,Arsenal,59%,41%,579 of 675 — 86%,82% — 381 of 467,2 of 3 — 66%,2 of 3 — 66%,34,6,767,593,16,28,13,13,5,6,7,34
353,2018-04-30,Tottenham Hotspur,Watford,61%,39%,509 of 611 — 83%,71% — 277 of 392,5 of 5 — 100%,5 of 5 — 100%,20,7,721,506,19,19,17,15,17,15,23,23
354,2018-05-04,Brighton & Hove Albion,Manchester United,32%,68%,233 of 341 — 68%,87% — 627 of 722,3 of 3 — 100%,3 of 3 — 100%,10,16,446,828,19,8,10,12,15,15,25,20
355,2018-05-05,Stoke City,Crystal Palace,41%,59%,203 of 318 — 64%,74% — 337 of 454,0 of 2 — 0%,0 of 2 — 0%,13,13,431,564,18,7,8,11,22,18,30,28
356,2018-05-05,Leicester City,West Ham United,53%,47%,353 of 473 — 75%,71% — 300 of 421,1 of 3 — 33%,1 of 3 — 33%,27,15,583,546,23,20,10,13,17,22,25,41
357,2018-05-05,West Bromwich Albion,Tottenham Hotspur,26%,74%,136 of 237 — 57%,82% — 548 of 669,5 of 5 — 100%,5 of 5 — 100%,17,30,377,785,16,13,8,0,20,18,50,25
358,2018-05-05,Bournemouth,Swansea City,45%,55%,303 of 415 — 73%,72% — 357 of 498,3 of 3 — 100%,3 of 3 — 100%,20,23,548,600,5,23,5,14,32,21,48,23
359,2018-05-05,Watford,Newcastle United,39%,61%,303 of 417 — 73%,80% — 512 of 642,0 of 1 — 0%,0 of 1 — 0%,11,30,535,731,14,8,8,8,17,24,46,15
360,2018-05-05,Everton,Southampton,54%,46%,361 of 474 — 76%,72% — 286 of 398,4 of 5 — 80%,4 of 5 — 80%,26,12,570,502,11,17,11,9,31,22,20,28
361,2018-05-06,Manchester City,Huddersfield Town,78%,22%,681 of 803 — 85%,55% — 123 of 225,3 of 3 — 100%,3 of 3 — 100%,37,8,885,356,14,18,10,16,15,19,11,56
362,2018-05-06,Chelsea,Liverpool,32%,68%,277 of 389 — 71%,86% — 709 of 825,5 of 5 — 100%,5 of 5 — 100%,10,22,505,907,15,12,24,14,20,18,39,10
363,2018-05-06,Arsenal,Burnley,63%,37%,613 of 698 — 88%,78% — 315 of 406,2 of 2 — 100%,2 of 2 — 100%,14,18,792,497,12,11,13,17,10,14,21,26
364,2018-05-08,Swansea City,Southampton,54%,46%,328 of 485 — 68%,69% — 284 of 412,7 of 8 — 87%,7 of 8 — 87%,28,18,576,539,11,14,6,7,36,42,19,57
365,2018-05-09,Leicester City,Arsenal,41%,59%,267 of 364 — 73%,79% — 412 of 523,6 of 7 — 85%,6 of 7 — 85%,22,17,481,623,16,18,18,11,14,12,20,24
366,2018-05-09,Chelsea,Huddersfield Town,78%,22%,760 of 906 — 84%,56% — 144 of 258,1 of 2 — 50%,1 of 2 — 50%,40,4,1002,429,13,23,5,17,19,20,8,72
367,2018-05-09,Tottenham Hotspur,Newcastle United,63%,37%,495 of 610 — 81%,65% — 233 of 356,3 of 3 — 100%,3 of 3 — 100%,18,16,712,463,12,21,8,3,18,24,33,26
368,2018-05-09,Manchester City,Brighton & Hove Albion,73%,27%,811 of 893 — 91%,77% — 253 of 328,2 of 3 — 66%,2 of 3 — 66%,13,9,974,426,14,14,14,16,21,10,8,26
369,2018-05-10,West Ham United,Manchester United,44%,56%,411 of 504 — 82%,85% — 550 of 647,6 of 6 — 100%,6 of 6 — 100%,11,14,604,729,15,16,15,7,9,18,18,15
370,2018-05-13,Swansea City,Stoke City,58%,43%,498 of 598 — 83%,80% — 354 of 442,2 of 4 — 50%,2 of 4 — 50%,31,5,697,569,16,21,8,18,11,22,4,46
371,2018-05-13,Liverpool,Brighton & Hove Albion,72%,28%,687 of 782 — 88%,69% — 209 of 305,1 of 1 — 100%,1 of 1 — 100%,18,12,863,409,10,17,9,9,16,10,11,31
372,2018-05-13,Burnley,Bournemouth,51%,49%,332 of 476 — 70%,75% — 338 of 453,3 of 5 — 60%,3 of 5 — 60%,32,20,558,558,16,10,7,8,21,16,21,38
373,2018-05-13,Crystal Palace,West Bromwich Albion,59%,41%,516 of 605 — 85%,77% — 319 of 415,1 of 1 — 100%,1 of 1 — 100%,11,15,729,533,29,33,19,19,13,12,21,15
374,2018-05-13,West Ham United,Everton,57%,43%,414 of 516 — 80%,76% — 299 of 393,6 of 7 — 85%,6 of 7 — 85%,13,13,617,498,11,10,7,17,22,14,20,24
375,2018-05-13,Huddersfield Town,Arsenal,45%,55%,342 of 459 — 75%,80% — 448 of 561,3 of 4 — 75%,3 of 4 — 75%,33,5,578,669,18,11,22,8,23,12,19,38
376,2018-05-13,Newcastle United,Chelsea,42%,58%,335 of 443 — 76%,84% — 512 of 606,2 of 2 — 100%,2 of 2 — 100%,15,14,550,719,20,18,18,14,11,26,12,39
377,2018-05-13,Manchester United,Watford,52%,48%,398 of 507 — 79%,80% — 377 of 471,3 of 3 — 100%,3 of 3 — 100%,14,21,611,588,25,20,18,15,10,13,23,26
378,2018-05-13,Southampton,Manchester City,31%,69%,191 of 295 — 65%,83% — 534 of 642,1 of 2 — 50%,1 of 2 — 50%,11,27,407,745,24,13,11,4,16,18,31,21
379,2018-05-13,Tottenham Hotspur,Leicester City,64%,36%,414 of 523 — 79%,70% — 210 of 299,5 of 9 — 55%,5 of 9 — 55%,13,9,617,414,20,23,9,16,10,15,19,19
